[{
  "history_id" : "9v9zpz0z4ob",
  "history_input" : "# Write your first Python code in Geoweaver\nimport pandas as pd\nimport numpy as np\n\nimport seaborn as sns\nimport matplotlib.pyplot as plt\n\ndf = pd.read_excel('~/research/disease-prediction/raw_data.xlsx')\nprint(df.head())\ndata = df.fillna(method='ffill')\nprint('after filling null values\\n')\nprint(data.head())\ndata.to_csv('~/research/disease-prediction/data-withoutnull')\n",
  "history_output" : "                              Disease  ...                            Symptom\n0  UMLS:C0020538_hypertensive disease  ...           UMLS:C0008031_pain chest\n1                                 NaN  ...  UMLS:C0392680_shortness of breath\n2                                 NaN  ...            UMLS:C0012833_dizziness\n3                                 NaN  ...             UMLS:C0004093_asthenia\n4                                 NaN  ...                 UMLS:C0085639_fall\n[5 rows x 3 columns]\n/Users/vangavetisaivivek/gw-workspace/9v9zpz0z4ob/data-retrieval.py:10: FutureWarning: DataFrame.fillna with 'method' is deprecated and will raise in a future version. Use obj.ffill() or obj.bfill() instead.\n  data = df.fillna(method='ffill')\nafter filling null values\n                              Disease  ...                            Symptom\n0  UMLS:C0020538_hypertensive disease  ...           UMLS:C0008031_pain chest\n1  UMLS:C0020538_hypertensive disease  ...  UMLS:C0392680_shortness of breath\n2  UMLS:C0020538_hypertensive disease  ...            UMLS:C0012833_dizziness\n3  UMLS:C0020538_hypertensive disease  ...             UMLS:C0004093_asthenia\n4  UMLS:C0020538_hypertensive disease  ...                 UMLS:C0085639_fall\n[5 rows x 3 columns]\n",
  "history_begin_time" : 1717470089225,
  "history_end_time" : 1717470092841,
  "history_notes" : null,
  "history_process" : "7624xp",
  "host_id" : "100001",
  "indicator" : "Done"
},{
  "history_id" : "xga3bx37wjl",
  "history_input" : "# Write your first Python code in Geoweaver\nfrom collections import defaultdict\nimport pandas as pd\nimport numpy as np\nimport os\nimport csv\n\ndata = pd.read_csv('~/research/disease-prediction/data-withoutnull')\n\n\ndef process_data(data):\n    data_list = []\n    data_name = data.replace('^','_').split('_')\n    n = 1\n    for names in data_name:\n        if (n % 2 == 0):\n            data_list.append(names)\n        n += 1\n    return data_list\n\ndisease_list = []\ndisease_symptom_dict = defaultdict(list)\ndisease_symptom_count = {}\ncount = 0\n\n# if os.path.exists(\"myfile.dat\"):\n#     print(\"skip already exist\")\n# else:\n#     f = file(\"myfile.dat\", \"w\")\n\nfor idx, row in data.iterrows():\n    \n    # Get the Disease Names\n    if (row['Disease'] !=\"\\xc2\\xa0\") and (row['Disease'] != \"\"):\n        disease = row['Disease']\n        disease_list = process_data(data=disease)\n        count = row['Count of Disease Occurrence']\n\n    # Get the Symptoms Corresponding to Diseases\n    if (row['Symptom'] !=\"\\xc2\\xa0\") and (row['Symptom'] != \"\"):\n        symptom = row['Symptom']\n        symptom_list = process_data(data=symptom)\n        for d in disease_list:\n            for s in symptom_list:\n                disease_symptom_dict[d].append(s)\n            disease_symptom_count[d] = count\n    \n# file_path = os.path.expanduser('~/research/disease-prediction/cleaned_data.csv')\nhomedir = os.path.expanduser('~')\nf = open(f'{homedir}/research/disease-prediction/cleaned_data.csv', 'w')\n\nwith f:\n    writer = csv.writer(f)\n    for key, val in disease_symptom_dict.items():\n        for i in range(len(val)):\n            writer.writerow([key, val[i], disease_symptom_count[key]])\n\ndf = pd.read_csv('~/research/disease-prediction/cleaned_data.csv')\ndf.columns = ['disease', 'symptom', 'occurence_count']\nprint(df.head())\n\n# Remove any rows with empty values\ndf.replace(float('nan'), np.nan, inplace=True)\ndf.dropna(inplace=True)\n\ndf.to_csv(f'{homedir}/research/disease-prediction/cleaned_data.csv')\n\n",
  "history_output" : "                disease              symptom  occurence_count\n0  hypertensive disease  shortness of breath           3363.0\n1  hypertensive disease            dizziness           3363.0\n2  hypertensive disease             asthenia           3363.0\n3  hypertensive disease                 fall           3363.0\n4  hypertensive disease              syncope           3363.0\n",
  "history_begin_time" : 1717470094141,
  "history_end_time" : 1717470095011,
  "history_notes" : null,
  "history_process" : "wiuage",
  "host_id" : "100001",
  "indicator" : "Done"
},{
  "history_id" : "mq63uqc97av",
  "history_input" : "# Write your first Python code in Geoweaver\nfrom sklearn import preprocessing\nimport pandas as pd\nimport os\nimport numpy as np\n\nhomedir = os.path.expanduser('~')\ndf = pd.read_csv(f'{homedir}/research/disease-prediction/cleaned_data.csv')\nn_unique = len(df['symptom'].unique())\nprint(n_unique)\nprint(df.dtypes)\n\n# Encode the Labels\nfrom sklearn.preprocessing import LabelEncoder\nfrom sklearn.preprocessing import OneHotEncoder\n\nlabel_encoder = LabelEncoder()\ninteger_encoded = label_encoder.fit_transform(df['symptom'])\nprint(integer_encoded)\n\n# # One Hot Encode the Labels\nonehot_encoder = OneHotEncoder(sparse_output=False)\ninteger_encoded = integer_encoded.reshape(len(integer_encoded), 1)\nonehot_encoded = onehot_encoder.fit_transform(integer_encoded)\nprint(onehot_encoded)\n\n# print\n# print(onehot_encoded[0])\nprint('length of onehot encoded',len(onehot_encoded[0]))\n\ncols = np.asarray(df['symptom'].unique())\nprint(cols)\n\n# Create a new dataframe to save OHE labels\ndf_ohe = pd.DataFrame(columns = cols)\nprint(df_ohe.head())\n\n\nfor i in range(len(onehot_encoded)):\n    df_ohe.loc[i] = onehot_encoded[i]\n\nprint(df_ohe.head())\n\nprint('ohe', len(df_ohe))\n\n# Disease Dataframe\ndf_disease = df['disease']\nprint(df_disease.head())\n\n# Concatenate OHE Labels with the Disease Column\ndf_concat = pd.concat([df_disease,df_ohe], axis=1)\nprint(df_concat.head())\n\n\ndf_concat.drop_duplicates(keep='first',inplace=True)\nprint(df_concat.head())\nprint(len(df_concat))\n\ncols = df_concat.columns\nprint(cols)\ncols = cols[1:]\n\n# Since, every disease has multiple symptoms, combine all symptoms per disease per row\ndf_concat = df_concat.groupby('disease').sum()\ndf_concat = df_concat.reset_index()\nprint(df_concat[:5])\n\ndf_concat.to_csv(f'{homedir}/research/disease-prediction/training-data.csv', index=False)\nprint('training data successfully created')\n\n",
  "history_output" : "404\nUnnamed: 0           int64\ndisease             object\nsymptom             object\noccurence_count    float64\ndtype: object\n[328  87  28 ... 361 130 122]\n[[0. 0. 0. ... 0. 0. 0.]\n [0. 0. 0. ... 0. 0. 0.]\n [0. 0. 0. ... 0. 0. 0.]\n ...\n [0. 0. 0. ... 0. 0. 0.]\n [0. 0. 0. ... 0. 0. 0.]\n [0. 0. 0. ... 0. 0. 0.]]\nlength of onehot encoded 404\n['shortness of breath' 'dizziness' 'asthenia' 'fall' 'syncope' 'vertigo'\n 'sweat' 'sweating increased' 'palpitation' 'nausea' 'angina pectoris'\n 'pressure chest' 'polyuria' 'polydypsia' 'pain chest' 'orthopnea' 'rale'\n 'unresponsiveness' 'mental status changes' 'vomiting' 'labored breathing'\n 'feeling suicidal' 'suicidal' 'hallucinations auditory'\n 'feeling hopeless' 'weepiness' 'sleeplessness' 'motor retardation'\n 'irritable mood' 'blackout' 'mood depressed' 'hallucinations visual'\n 'worry' 'agitation' 'tremor' 'intoxication'\n 'verbal auditory hallucinations' 'energy increased' 'difficulty'\n 'nightmare' 'unable to concentrate' 'homelessness' 'hypokinesia'\n 'dyspnea on exertion' 'chest tightness' 'cough' 'fever'\n 'decreased translucency' 'productive cough' 'pleuritic pain'\n 'yellow sputum' 'breath sounds decreased' 'chill' 'rhonchus'\n 'green sputum' 'non-productive cough' 'wheezing' 'haemoptysis'\n 'distress respiratory' 'tachypnea' 'malaise' 'night sweat'\n 'jugular venous distention' 'dyspnea' 'dysarthria' 'speech slurred'\n 'facial paresis' 'hemiplegia' 'seizure' 'numbness'\n 'symptom aggravating factors' 'st segment elevation'\n 'st segment depression' 't wave inverted' 'presence of q wave'\n 'chest discomfort' 'bradycardia' 'pain' 'nonsmoker' 'erythema'\n 'hepatosplenomegaly' 'pruritus' 'diarrhea' 'abscess bacterial' 'swelling'\n 'apyrexial' 'dysuria' 'hematuria' 'renal angle tenderness' 'lethargy'\n 'hyponatremia' 'hemodynamically stable' 'difficulty passing urine'\n 'consciousness clear' 'guaiac positive' 'monoclonal' 'ecchymosis'\n 'tumor cell invasion' 'haemorrhage' 'pallor' 'fatigue' 'heme positive'\n 'pain back' 'orthostasis' 'arthralgia' 'transaminitis' 'sputum purulent'\n 'hypoxemia' 'hypercapnia' 'patient non compliance' 'unconscious state'\n 'bedridden' 'abdominal tenderness' 'unsteady gait' 'hyperkalemia'\n 'urgency of\\xa0micturition' 'ascites' 'hypotension' 'enuresis'\n 'asterixis' 'muscle twitch' 'sleepy' 'headache' 'lightheadedness'\n 'food intolerance' 'numbness of hand' 'general discomfort' 'drowsiness'\n 'stiffness' 'prostatism' 'weight gain' 'tired' 'mass of body structure'\n 'has religious belief' 'nervousness' 'formication' 'hot flush' 'lesion'\n 'cushingoid facies' 'cushingoid\\xa0habitus' 'emphysematous change'\n 'decreased body weight' 'hoarseness' 'thicken'\n 'spontaneous rupture of membranes' 'muscle hypotonia' 'hypotonic'\n 'redness' 'hypesthesia' 'hyperacusis' 'scratch marks' 'sore to touch'\n 'burning sensation' 'satiety early' 'throbbing sensation quality'\n 'sensory discomfort' 'constipation' 'pain abdominal' 'heartburn'\n 'breech presentation' 'cyanosis' 'pain in lower limb' 'cardiomegaly'\n 'clonus' 'unwell' 'anorexia' 'history of - blackout' 'anosmia'\n 'metastatic lesion' 'hemianopsia homonymous' 'hematocrit decreased'\n 'neck stiffness' 'cicatrisation' 'hypometabolism' 'aura' 'myoclonus'\n 'gurgle' 'wheelchair bound' 'left\\xa0atrial\\xa0hypertrophy' 'oliguria'\n 'catatonia' 'unhappy' 'paresthesia' 'gravida 0' 'lung nodule'\n 'distended abdomen' 'ache' 'macerated skin' 'heavy feeling' 'rest pain'\n 'sinus rhythm' 'withdraw' 'behavior hyperactive' 'terrify' 'photopsia'\n 'giddy mood' 'disturbed family' 'hypersomnia' 'hyperhidrosis disorder'\n 'mydriasis' 'extrapyramidal sign' 'loose associations' 'exhaustion'\n 'snore' 'r wave feature' 'overweight' 'systolic murmur' 'asymptomatic'\n 'splenomegaly' 'bleeding of vagina' 'macule' 'photophobia'\n 'painful swallowing' 'cachexia' 'hypocalcemia result'\n 'hypothermia, natural' 'atypia' 'general unsteadiness' 'throat sore'\n 'snuffle' 'hacking cough' 'stridor' 'paresis' 'aphagia' 'focal seizures'\n 'abnormal sensation' 'stupor' 'fremitus' \"Stahli's line\"\n 'stinging sensation' 'paralyse' 'hirsutism' 'sniffle' 'bradykinesia'\n 'out of breath' 'urge incontinence' 'vision blurred' 'room spinning'\n 'rambling speech' 'clumsiness' 'decreased stool caliber' 'hematochezia'\n 'egophony' 'scar tissue' 'neologism' 'decompensation'\n 'stool color yellow' 'rigor - temperature-associated observation'\n 'paraparesis' 'moody' 'fear of falling' 'spasm' 'hyperventilation'\n 'excruciating pain' 'gag' 'posturing' 'pulse absent' 'dysesthesia'\n 'polymyalgia' 'passed stones' 'qt interval prolonged' 'ataxia'\n \"Heberden's node\" 'hepatomegaly' 'sciatica' 'frothy sputum'\n 'mass in breast' 'retropulsion' 'estrogen use' 'hypersomnolence'\n 'underweight' 'dullness' 'red blotches' 'colic abdominal' 'hypokalemia'\n 'hunger' 'prostate tender' 'pain foot' 'urinary hesitation'\n 'disequilibrium' 'flushing' 'indifferent mood' 'urinoma'\n 'hypoalbuminemia' 'pustule' 'slowing of urinary stream'\n 'extreme exhaustion' 'no status change' 'breakthrough pain'\n 'pansystolic murmur' 'systolic ejection murmur' 'stuffy nose'\n 'barking cough' 'rapid shallow breathing' 'noisy respiration'\n 'nasal discharge present' 'frail' 'cystic lesion' 'projectile vomiting'\n 'heavy legs' 'titubation' 'dysdiadochokinesia' 'achalasia' 'side pain'\n 'monocytosis' 'posterior\\xa0rhinorrhea' 'incoherent' 'lameness'\n 'claudication' 'clammy skin' 'mediastinal shift' 'nausea and vomiting'\n 'awakening early' 'tenesmus' 'fecaluria' 'pneumatouria' 'todd paralysis'\n 'alcoholic withdrawal symptoms' 'myalgia' 'dyspareunia' 'poor dentition'\n 'floppy' 'inappropriate affect' 'poor feeding' 'moan' 'welt' 'tinnitus'\n 'hydropneumothorax' 'superimposition' 'feeling strange' 'uncoordination'\n 'absences finding' 'tonic seizures' 'debilitation' 'impaired cognition'\n 'drool' 'pin-point pupils' 'tremor resting' 'groggy' 'adverse reaction'\n 'adverse effect' 'abdominal bloating' 'fatigability' 'para 2' 'abortion'\n 'intermenstrual heavy bleeding' 'previous pregnancies 2' 'primigravida'\n 'abnormally hard consistency' 'proteinemia' 'pain neck' 'dizzy spells'\n 'shooting pain' 'hyperemesis' 'milky' 'regurgitates after swallowing'\n 'lip smacking' 'phonophobia' 'rolling of eyes' 'ambidexterity'\n 'pulsus\\xa0paradoxus' 'gravida 10' 'bruit' 'breath-holding spell'\n 'scleral\\xa0icterus' 'retch' 'blanch' 'elation'\n 'verbally abusive behavior' 'transsexual'\n 'behavior showing increased motor activity' 'coordination abnormal'\n 'choke' 'bowel sounds decreased' 'no known drug allergies'\n 'low back pain' 'charleyhorse' 'sedentary' 'feels hot/feverish' 'flare'\n 'pericardial friction rub' 'hoard' 'panic' 'cardiovascular finding'\n 'cardiovascular event' 'soft tissue swelling' 'rhd positive' 'para 1'\n 'nasal flaring' 'sneeze' 'hypertonicity' \"Murphy's sign\" 'flatulence'\n 'gasping for breath' 'feces in rectum' 'prodrome' 'hypoproteinemia'\n 'alcohol binge episode' 'abdomen acute' 'air fluid level'\n 'catching breath' 'large-for-dates fetus' 'immobile' 'homicidal thoughts']\nEmpty DataFrame\nColumns: [shortness of breath, dizziness, asthenia, fall, syncope, vertigo, sweat, sweating increased, palpitation, nausea, angina pectoris, pressure chest, polyuria, polydypsia, pain chest, orthopnea, rale, unresponsiveness, mental status changes, vomiting, labored breathing, feeling suicidal, suicidal, hallucinations auditory, feeling hopeless, weepiness, sleeplessness, motor retardation, irritable mood, blackout, mood depressed, hallucinations visual, worry, agitation, tremor, intoxication, verbal auditory hallucinations, energy increased, difficulty, nightmare, unable to concentrate, homelessness, hypokinesia, dyspnea on exertion, chest tightness, cough, fever, decreased translucency, productive cough, pleuritic pain, yellow sputum, breath sounds decreased, chill, rhonchus, green sputum, non-productive cough, wheezing, haemoptysis, distress respiratory, tachypnea, malaise, night sweat, jugular venous distention, dyspnea, dysarthria, speech slurred, facial paresis, hemiplegia, seizure, numbness, symptom aggravating factors, st segment elevation, st segment depression, t wave inverted, presence of q wave, chest discomfort, bradycardia, pain, nonsmoker, erythema, hepatosplenomegaly, pruritus, diarrhea, abscess bacterial, swelling, apyrexial, dysuria, hematuria, renal angle tenderness, lethargy, hyponatremia, hemodynamically stable, difficulty passing urine, consciousness clear, guaiac positive, monoclonal, ecchymosis, tumor cell invasion, haemorrhage, pallor, ...]\nIndex: []\n[0 rows x 404 columns]\n   shortness of breath  dizziness  ...  immobile  homicidal thoughts\n0                  0.0        0.0  ...       0.0                 0.0\n1                  0.0        0.0  ...       0.0                 0.0\n2                  0.0        0.0  ...       0.0                 0.0\n3                  0.0        0.0  ...       0.0                 0.0\n4                  0.0        0.0  ...       0.0                 0.0\n[5 rows x 404 columns]\nohe 2126\n0    hypertensive disease\n1    hypertensive disease\n2    hypertensive disease\n3    hypertensive disease\n4    hypertensive disease\nName: disease, dtype: object\n                disease  shortness of breath  ...  immobile  homicidal thoughts\n0  hypertensive disease                  0.0  ...       0.0                 0.0\n1  hypertensive disease                  0.0  ...       0.0                 0.0\n2  hypertensive disease                  0.0  ...       0.0                 0.0\n3  hypertensive disease                  0.0  ...       0.0                 0.0\n4  hypertensive disease                  0.0  ...       0.0                 0.0\n[5 rows x 405 columns]\n                disease  shortness of breath  ...  immobile  homicidal thoughts\n0  hypertensive disease                  0.0  ...       0.0                 0.0\n1  hypertensive disease                  0.0  ...       0.0                 0.0\n2  hypertensive disease                  0.0  ...       0.0                 0.0\n3  hypertensive disease                  0.0  ...       0.0                 0.0\n4  hypertensive disease                  0.0  ...       0.0                 0.0\n[5 rows x 405 columns]\n2112\nIndex(['disease', 'shortness of breath', 'dizziness', 'asthenia', 'fall',\n       'syncope', 'vertigo', 'sweat', 'sweating increased', 'palpitation',\n       ...\n       'feces in rectum', 'prodrome', 'hypoproteinemia',\n       'alcohol binge episode', 'abdomen acute', 'air fluid level',\n       'catching breath', 'large-for-dates fetus', 'immobile',\n       'homicidal thoughts'],\n      dtype='object', length=405)\n                               disease  ...  homicidal thoughts\n0                  Alzheimer's disease  ...                 0.0\n1                                  HIV  ...                 0.0\n2       Pneumocystis carinii pneumonia  ...                 1.0\n3             accident cerebrovascular  ...                 0.0\n4  acquired immuno-deficiency syndrome  ...                 0.0\n[5 rows x 405 columns]\ntraining data successfully created\n",
  "history_begin_time" : 1717470096364,
  "history_end_time" : 1717470100137,
  "history_notes" : null,
  "history_process" : "hv7zjp",
  "host_id" : "100001",
  "indicator" : "Done"
},{
  "history_id" : "858e8n69nm1",
  "history_input" : "# Write your first Python code in Geoweaver\n# Write your first Python code in Geoweaver\nfrom sklearn.model_selection import train_test_split\nfrom sklearn.naive_bayes import MultinomialNB\nfrom sklearn import tree\nfrom sklearn.tree import DecisionTreeClassifier, export_graphviz\nimport pandas as pd\nimport os\nfrom joblib import dump, load\n\nhomedir = os.path.expanduser('~')\n\ndf = pd.read_csv(f'{homedir}/research/disease-prediction/training-data.csv')\ncols = df.columns[1:]\nprint(\"symptoms\")\nprint(cols)\n\n# One Hot Encoded Features\nX = df[cols]\n\n# Labels\ny = df['disease']\n\n\n# Train Test Split\nX_train, X_test, y_train, y_test = train_test_split(X, y, test_size=0.2, random_state=101)\n\nprint(len(X_train), len(y_train))\n\nprint(len(X_test), len(y_test))\n# Save the test data to files\ndump(X_test, f'{homedir}/research/disease-prediction/X_test.joblib')\ndump(y_test, f'{homedir}/research/disease-prediction/y_test.joblib')\n\ndt = DecisionTreeClassifier()\nclf_dt=dt.fit(X_train, y_train)\n\nclf_dt.score(X_train, y_train)\n\ndump(clf_dt, f'{homedir}/research/disease-prediction/modal.joblib')\n\n# export_graphviz(dt, \n#                 out_file='./tree.dot', \n#                 feature_names=cols)\n\n# from graphviz import Source\nfrom sklearn import tree\n\n# graph image related\n# graph = Source(export_graphviz(dt, \n#                 out_file=None, \n#                 feature_names=cols))\n\n# png_bytes = graph.pipe(format='png')\n\n# with open('tree.png','wb') as f:\n#     f.write(png_bytes)\n\n# from IPython.display import Image\n# Image(png_bytes)\n\ndisease_pred = clf_dt.predict(X_test)\ndisease_real = y_test.values\n\nfor i in range(0, len(disease_real)):\n    if disease_pred[i]!=disease_real[i]:\n        print ('Pred: {0}\\nActual: {1}\\n'.format(disease_pred[i], disease_real[i]))\n",
  "history_output" : "symptoms\nIndex(['shortness of breath', 'dizziness', 'asthenia', 'fall', 'syncope',\n       'vertigo', 'sweat', 'sweating increased', 'palpitation', 'nausea',\n       ...\n       'feces in rectum', 'prodrome', 'hypoproteinemia',\n       'alcohol binge episode', 'abdomen acute', 'air fluid level',\n       'catching breath', 'large-for-dates fetus', 'immobile',\n       'homicidal thoughts'],\n      dtype='object', length=404)\n119 119\n30 30\nPred: psychotic disorder\nActual: bipolar disorder\nPred: hepatitis C\nActual: endocarditis\nPred: failure heart congestive\nActual: pneumonia\nPred: peripheral vascular disease\nActual: ischemia\nPred: adhesion\nActual: colitis\nPred: pancytopenia\nActual: kidney failure acute\nPred: ileus\nActual: kidney disease\nPred: decubitus ulcer\nActual: paranoia\nPred: candidiasis\nActual: hepatitis\nPred: acquired immuno-deficiency syndrome\nActual: HIV\nPred: coronary arteriosclerosis\nActual: hypertensive disease\nPred: epilepsy\nActual: hemiparesis\nPred: malignant neoplasms\nActual: cirrhosis\nPred: hypothyroidism\nActual: manic disorder\nPred: deglutition disorder\nActual: lymphoma\nPred: septicemia\nActual: sepsis (invertebrate)\nPred: hepatitis C\nActual: paroxysmal dyspnea\nPred: malignant neoplasms\nActual: malignant neoplasms\nPred: acquired immuno-deficiency syndrome\nActual: hiv infections\nPred: incontinence\nActual: confusion\nPred: hemorrhoids\nActual: gastroesophageal reflux disease\nPred: schizophrenia\nActual: delirium\nPred: arthritis\nActual: insufficiency renal\nPred: depression mental\nActual: delusion\nPred: suicide attempt\nActual: dementia\nPred: gout\nActual: cellulitis\nPred: ileus\nActual: melanoma\nPred: hemorrhoids\nActual: glaucoma\nPred: malignant neoplasms\nActual: primary malignant neoplasm\nPred: emphysema pulmonary\nActual: transient ischemic attack\n",
  "history_begin_time" : 1717470101542,
  "history_end_time" : 1717470103282,
  "history_notes" : null,
  "history_process" : "frv7ut",
  "host_id" : "100001",
  "indicator" : "Done"
},{
  "history_id" : "gel0w18rlf1",
  "history_input" : "# Write your first Python code in Geoweaver\nfrom joblib import dump, load\nimport os\nhomedir = os.path.expanduser('~')\n\n# Load the model from the file\nclf_dt = load(f'{homedir}/research/disease-prediction/modal.joblib')\n# Load the test data from files\nX_test = load(f'{homedir}/research/disease-prediction/X_test.joblib')\ny_test = load(f'{homedir}/research/disease-prediction/y_test.joblib')\n\n\n\n\ndisease_pred = clf_dt.predict(X_test)\ndisease_real = y_test.values\n\nfor i in range(0, len(disease_real)):\n    if disease_pred[i]!=disease_real[i]:\n        print ('Pred: {0}\\nActual: {1}\\n'.format(disease_pred[i], disease_real[i]))",
  "history_output" : "Pred: psychotic disorder\nActual: bipolar disorder\nPred: hepatitis C\nActual: endocarditis\nPred: failure heart congestive\nActual: pneumonia\nPred: peripheral vascular disease\nActual: ischemia\nPred: adhesion\nActual: colitis\nPred: pancytopenia\nActual: kidney failure acute\nPred: ileus\nActual: kidney disease\nPred: decubitus ulcer\nActual: paranoia\nPred: candidiasis\nActual: hepatitis\nPred: acquired immuno-deficiency syndrome\nActual: HIV\nPred: coronary arteriosclerosis\nActual: hypertensive disease\nPred: epilepsy\nActual: hemiparesis\nPred: malignant neoplasms\nActual: cirrhosis\nPred: hypothyroidism\nActual: manic disorder\nPred: deglutition disorder\nActual: lymphoma\nPred: septicemia\nActual: sepsis (invertebrate)\nPred: hepatitis C\nActual: paroxysmal dyspnea\nPred: malignant neoplasms\nActual: malignant neoplasms\nPred: acquired immuno-deficiency syndrome\nActual: hiv infections\nPred: incontinence\nActual: confusion\nPred: hemorrhoids\nActual: gastroesophageal reflux disease\nPred: schizophrenia\nActual: delirium\nPred: arthritis\nActual: insufficiency renal\nPred: depression mental\nActual: delusion\nPred: suicide attempt\nActual: dementia\nPred: gout\nActual: cellulitis\nPred: ileus\nActual: melanoma\nPred: hemorrhoids\nActual: glaucoma\nPred: malignant neoplasms\nActual: primary malignant neoplasm\nPred: emphysema pulmonary\nActual: transient ischemic attack\n",
  "history_begin_time" : 1717470104659,
  "history_end_time" : 1717470106211,
  "history_notes" : null,
  "history_process" : "7k5p70",
  "host_id" : "100001",
  "indicator" : "Done"
}]
