[{
  "history_id" : "NxQNBZ52D8o1cMiWrf",
  "history_input" : "7624xp-gwtNc;wiuage-y5GZ5;hv7zjp-mff3c;frv7ut-VnF3I;7k5p70-aUbfs;",
  "history_output" : "wjq01v7y1qe;5pi2ctz3e56;6v53mwd4whq;ck8fszbw9qi;xzevwj2ewac;",
  "history_begin_time" : 1717471670485,
  "history_end_time" : 1717471686887,
  "history_notes" : null,
  "history_process" : "kk60jzeqxdesff3u7b41",
  "host_id" : "100001;",
  "indicator" : "Done"
},{
  "history_id" : "y8hxg1wfJAyCqjLD4G",
  "history_input" : "7624xp-gwtNc;wiuage-y5GZ5;hv7zjp-mff3c;frv7ut-VnF3I;7k5p70-aUbfs;",
  "history_output" : "yv603pi2mey;tyr94ggf49a;e3ou81dbg6f;5gx3lrf47l3;69xsmwvrm2e;",
  "history_begin_time" : 1717470584512,
  "history_end_time" : 1717470600582,
  "history_notes" : null,
  "history_process" : "kk60jzeqxdesff3u7b41",
  "host_id" : "100001;",
  "indicator" : "Done"
},{
  "history_id" : "76G1naZiBiYOcYx3Sa",
  "history_input" : "7624xp-gwtNc;wiuage-y5GZ5;hv7zjp-mff3c;frv7ut-VnF3I;7k5p70-aUbfs;",
  "history_output" : "is3rfq1975b;cg9i7vuhbhu;fzjo9ouds5u;lcek2ehky9a;zxwy7rq7ysm;",
  "history_begin_time" : 1717470438511,
  "history_end_time" : 1717470452474,
  "history_notes" : null,
  "history_process" : "kk60jzeqxdesff3u7b41",
  "host_id" : "100001;",
  "indicator" : "Done"
},{
  "history_id" : "o3x1tLiNke2J6Gz7FO",
  "history_input" : "7624xp-gwtNc;wiuage-y5GZ5;hv7zjp-mff3c;frv7ut-VnF3I;7k5p70-aUbfs;",
  "history_output" : "bxh52mz7jdc;3h8i0u9y89e;x4qox2fj0y4;xzxb6v3nb7t;8d5upxc5tly;",
  "history_begin_time" : 1717470303282,
  "history_end_time" : 1717470319513,
  "history_notes" : null,
  "history_process" : "kk60jzeqxdesff3u7b41",
  "host_id" : "100001;",
  "indicator" : "Done"
},{
  "history_id" : "czDmVVYH6DdlklXOhJ",
  "history_input" : "7624xp-gwtNc;wiuage-y5GZ5;hv7zjp-mff3c;frv7ut-VnF3I;7k5p70-aUbfs;",
  "history_output" : "j5b8fv3juct;21xjg92l0ch;o7mscvshy7t;r7woopv09sq;21m6zhd4n0a;",
  "history_begin_time" : 1717470242228,
  "history_end_time" : 1717470258292,
  "history_notes" : null,
  "history_process" : "kk60jzeqxdesff3u7b41",
  "host_id" : "100001;",
  "indicator" : "Done"
},{
  "history_id" : "cQdiLclZW0R1z1U03f",
  "history_input" : "7624xp-gwtNc;wiuage-y5GZ5;hv7zjp-mff3c;frv7ut-VnF3I;7k5p70-aUbfs;",
  "history_output" : "9v9zpz0z4ob;xga3bx37wjl;mq63uqc97av;858e8n69nm1;gel0w18rlf1;",
  "history_begin_time" : 1717470088059,
  "history_end_time" : 1717470104659,
  "history_notes" : null,
  "history_process" : "kk60jzeqxdesff3u7b41",
  "host_id" : "100001;",
  "indicator" : "Done"
},{
  "history_id" : "nMr7ix1mtecvb8dGpF",
  "history_input" : "7624xp-gwtNc;wiuage-y5GZ5;hv7zjp-mff3c;frv7ut-VnF3I;7k5p70-aUbfs;",
  "history_output" : "ydsyoay7a05;hhqt4z20amo;4tmpcnv9jt4;q01boqktbin;z89yye2llp9;",
  "history_begin_time" : 1717468925103,
  "history_end_time" : 1717468938425,
  "history_notes" : null,
  "history_process" : "kk60jzeqxdesff3u7b41",
  "host_id" : "100001;",
  "indicator" : "Done"
},{
  "history_id" : "vuMwfNJngP9zsVELet",
  "history_input" : "7624xp-gwtNc;wiuage-y5GZ5;hv7zjp-mff3c;frv7ut-VnF3I;7k5p70-aUbfs;",
  "history_output" : "nkm7wv95zb6;7di0xy9cy3z;imjplkae18g;1i04k20c401;lj0l21rnt3l;",
  "history_begin_time" : 1717468807438,
  "history_end_time" : 1717468822521,
  "history_notes" : null,
  "history_process" : "kk60jzeqxdesff3u7b41",
  "host_id" : "100001;",
  "indicator" : "Done"
},{
  "history_id" : "NxTw0W4bQUk9S9XP2T",
  "history_input" : "7624xp-gwtNc;wiuage-y5GZ5;hv7zjp-mff3c;frv7ut-VnF3I;7k5p70-QhE6o;",
  "history_output" : "rusvv1xspu9;8zfwz8w4ws6;czydvofh1qk;uonvjmh3ymy;ep50a8xb19u;",
  "history_begin_time" : 1717468562265,
  "history_end_time" : 1717468609532,
  "history_notes" : null,
  "history_process" : "kk60jzeqxdesff3u7b41",
  "host_id" : "100001;",
  "indicator" : "Done"
}]
