[{
  "history_id" : "5pi2ctz3e56",
  "history_input" : "# Write your first Python code in Geoweaver\nfrom collections import defaultdict\nimport pandas as pd\nimport numpy as np\nimport os\nimport csv\n\ndata = pd.read_csv('~/research/disease-prediction/data-withoutnull')\n\n\ndef process_data(data):\n    data_list = []\n    data_name = data.replace('^','_').split('_')\n    n = 1\n    for names in data_name:\n        if (n % 2 == 0):\n            data_list.append(names)\n        n += 1\n    return data_list\n\ndisease_list = []\ndisease_symptom_dict = defaultdict(list)\ndisease_symptom_count = {}\ncount = 0\n\n# if os.path.exists(\"myfile.dat\"):\n#     print(\"skip already exist\")\n# else:\n#     f = file(\"myfile.dat\", \"w\")\n\nfor idx, row in data.iterrows():\n    \n    # Get the Disease Names\n    if (row['Disease'] !=\"\\xc2\\xa0\") and (row['Disease'] != \"\"):\n        disease = row['Disease']\n        disease_list = process_data(data=disease)\n        count = row['Count of Disease Occurrence']\n\n    # Get the Symptoms Corresponding to Diseases\n    if (row['Symptom'] !=\"\\xc2\\xa0\") and (row['Symptom'] != \"\"):\n        symptom = row['Symptom']\n        symptom_list = process_data(data=symptom)\n        for d in disease_list:\n            for s in symptom_list:\n                disease_symptom_dict[d].append(s)\n            disease_symptom_count[d] = count\n    \n# file_path = os.path.expanduser('~/research/disease-prediction/cleaned_data.csv')\nhomedir = os.path.expanduser('~')\nf = open(f'{homedir}/research/disease-prediction/cleaned_data.csv', 'w')\n\nwith f:\n    writer = csv.writer(f)\n    for key, val in disease_symptom_dict.items():\n        for i in range(len(val)):\n            writer.writerow([key, val[i], disease_symptom_count[key]])\n\ndf = pd.read_csv('~/research/disease-prediction/cleaned_data.csv')\ndf.columns = ['disease', 'symptom', 'occurence_count']\nprint(df.head())\n\n# Remove any rows with empty values\ndf.replace(float('nan'), np.nan, inplace=True)\ndf.dropna(inplace=True)\n\ndf.to_csv(f'{homedir}/research/disease-prediction/cleaned_data.csv')\n\n",
  "history_output" : "                disease              symptom  occurence_count\n0  hypertensive disease  shortness of breath           3363.0\n1  hypertensive disease            dizziness           3363.0\n2  hypertensive disease             asthenia           3363.0\n3  hypertensive disease                 fall           3363.0\n4  hypertensive disease              syncope           3363.0\n",
  "history_begin_time" : 1717471676221,
  "history_end_time" : 1717471677168,
  "history_notes" : null,
  "history_process" : "wiuage",
  "host_id" : "100001",
  "indicator" : "Done"
},{
  "history_id" : "tyr94ggf49a",
  "history_input" : "# Write your first Python code in Geoweaver\nfrom collections import defaultdict\nimport pandas as pd\nimport numpy as np\nimport os\nimport csv\n\ndata = pd.read_csv('~/research/disease-prediction/data-withoutnull')\n\n\ndef process_data(data):\n    data_list = []\n    data_name = data.replace('^','_').split('_')\n    n = 1\n    for names in data_name:\n        if (n % 2 == 0):\n            data_list.append(names)\n        n += 1\n    return data_list\n\ndisease_list = []\ndisease_symptom_dict = defaultdict(list)\ndisease_symptom_count = {}\ncount = 0\n\n# if os.path.exists(\"myfile.dat\"):\n#     print(\"skip already exist\")\n# else:\n#     f = file(\"myfile.dat\", \"w\")\n\nfor idx, row in data.iterrows():\n    \n    # Get the Disease Names\n    if (row['Disease'] !=\"\\xc2\\xa0\") and (row['Disease'] != \"\"):\n        disease = row['Disease']\n        disease_list = process_data(data=disease)\n        count = row['Count of Disease Occurrence']\n\n    # Get the Symptoms Corresponding to Diseases\n    if (row['Symptom'] !=\"\\xc2\\xa0\") and (row['Symptom'] != \"\"):\n        symptom = row['Symptom']\n        symptom_list = process_data(data=symptom)\n        for d in disease_list:\n            for s in symptom_list:\n                disease_symptom_dict[d].append(s)\n            disease_symptom_count[d] = count\n    \n# file_path = os.path.expanduser('~/research/disease-prediction/cleaned_data.csv')\nhomedir = os.path.expanduser('~')\nf = open(f'{homedir}/research/disease-prediction/cleaned_data.csv', 'w')\n\nwith f:\n    writer = csv.writer(f)\n    for key, val in disease_symptom_dict.items():\n        for i in range(len(val)):\n            writer.writerow([key, val[i], disease_symptom_count[key]])\n\ndf = pd.read_csv('~/research/disease-prediction/cleaned_data.csv')\ndf.columns = ['disease', 'symptom', 'occurence_count']\nprint(df.head())\n\n# Remove any rows with empty values\ndf.replace(float('nan'), np.nan, inplace=True)\ndf.dropna(inplace=True)\n\ndf.to_csv(f'{homedir}/research/disease-prediction/cleaned_data.csv')\n\n",
  "history_output" : "                disease              symptom  occurence_count\n0  hypertensive disease  shortness of breath           3363.0\n1  hypertensive disease            dizziness           3363.0\n2  hypertensive disease             asthenia           3363.0\n3  hypertensive disease                 fall           3363.0\n4  hypertensive disease              syncope           3363.0\n",
  "history_begin_time" : 1717470589769,
  "history_end_time" : 1717470590752,
  "history_notes" : null,
  "history_process" : "wiuage",
  "host_id" : "100001",
  "indicator" : "Done"
},{
  "history_id" : "cg9i7vuhbhu",
  "history_input" : "# Write your first Python code in Geoweaver\nfrom collections import defaultdict\nimport pandas as pd\nimport numpy as np\nimport os\nimport csv\n\ndata = pd.read_csv('~/research/disease-prediction/data-withoutnull')\n\n\ndef process_data(data):\n    data_list = []\n    data_name = data.replace('^','_').split('_')\n    n = 1\n    for names in data_name:\n        if (n % 2 == 0):\n            data_list.append(names)\n        n += 1\n    return data_list\n\ndisease_list = []\ndisease_symptom_dict = defaultdict(list)\ndisease_symptom_count = {}\ncount = 0\n\n# if os.path.exists(\"myfile.dat\"):\n#     print(\"skip already exist\")\n# else:\n#     f = file(\"myfile.dat\", \"w\")\n\nfor idx, row in data.iterrows():\n    \n    # Get the Disease Names\n    if (row['Disease'] !=\"\\xc2\\xa0\") and (row['Disease'] != \"\"):\n        disease = row['Disease']\n        disease_list = process_data(data=disease)\n        count = row['Count of Disease Occurrence']\n\n    # Get the Symptoms Corresponding to Diseases\n    if (row['Symptom'] !=\"\\xc2\\xa0\") and (row['Symptom'] != \"\"):\n        symptom = row['Symptom']\n        symptom_list = process_data(data=symptom)\n        for d in disease_list:\n            for s in symptom_list:\n                disease_symptom_dict[d].append(s)\n            disease_symptom_count[d] = count\n    \n# file_path = os.path.expanduser('~/research/disease-prediction/cleaned_data.csv')\nhomedir = os.path.expanduser('~')\nf = open(f'{homedir}/research/disease-prediction/cleaned_data.csv', 'w')\n\nwith f:\n    writer = csv.writer(f)\n    for key, val in disease_symptom_dict.items():\n        for i in range(len(val)):\n            writer.writerow([key, val[i], disease_symptom_count[key]])\n\ndf = pd.read_csv('~/research/disease-prediction/cleaned_data.csv')\ndf.columns = ['disease', 'symptom', 'occurence_count']\nprint(df.head())\n\n# Remove any rows with empty values\ndf.replace(float('nan'), np.nan, inplace=True)\ndf.dropna(inplace=True)\n\ndf.to_csv(f'{homedir}/research/disease-prediction/cleaned_data.csv')\n\n",
  "history_output" : "                disease              symptom  occurence_count\n0  hypertensive disease  shortness of breath           3363.0\n1  hypertensive disease            dizziness           3363.0\n2  hypertensive disease             asthenia           3363.0\n3  hypertensive disease                 fall           3363.0\n4  hypertensive disease              syncope           3363.0\n",
  "history_begin_time" : 1717470443444,
  "history_end_time" : 1717470444402,
  "history_notes" : null,
  "history_process" : "wiuage",
  "host_id" : "100001",
  "indicator" : "Done"
},{
  "history_id" : "3h8i0u9y89e",
  "history_input" : "# Write your first Python code in Geoweaver\nfrom collections import defaultdict\nimport pandas as pd\nimport numpy as np\nimport os\nimport csv\n\ndata = pd.read_csv('~/research/disease-prediction/data-withoutnull')\n\n\ndef process_data(data):\n    data_list = []\n    data_name = data.replace('^','_').split('_')\n    n = 1\n    for names in data_name:\n        if (n % 2 == 0):\n            data_list.append(names)\n        n += 1\n    return data_list\n\ndisease_list = []\ndisease_symptom_dict = defaultdict(list)\ndisease_symptom_count = {}\ncount = 0\n\n# if os.path.exists(\"myfile.dat\"):\n#     print(\"skip already exist\")\n# else:\n#     f = file(\"myfile.dat\", \"w\")\n\nfor idx, row in data.iterrows():\n    \n    # Get the Disease Names\n    if (row['Disease'] !=\"\\xc2\\xa0\") and (row['Disease'] != \"\"):\n        disease = row['Disease']\n        disease_list = process_data(data=disease)\n        count = row['Count of Disease Occurrence']\n\n    # Get the Symptoms Corresponding to Diseases\n    if (row['Symptom'] !=\"\\xc2\\xa0\") and (row['Symptom'] != \"\"):\n        symptom = row['Symptom']\n        symptom_list = process_data(data=symptom)\n        for d in disease_list:\n            for s in symptom_list:\n                disease_symptom_dict[d].append(s)\n            disease_symptom_count[d] = count\n    \n# file_path = os.path.expanduser('~/research/disease-prediction/cleaned_data.csv')\nhomedir = os.path.expanduser('~')\nf = open(f'{homedir}/research/disease-prediction/cleaned_data.csv', 'w')\n\nwith f:\n    writer = csv.writer(f)\n    for key, val in disease_symptom_dict.items():\n        for i in range(len(val)):\n            writer.writerow([key, val[i], disease_symptom_count[key]])\n\ndf = pd.read_csv('~/research/disease-prediction/cleaned_data.csv')\ndf.columns = ['disease', 'symptom', 'occurence_count']\nprint(df.head())\n\n# Remove any rows with empty values\ndf.replace(float('nan'), np.nan, inplace=True)\ndf.dropna(inplace=True)\n\ndf.to_csv(f'{homedir}/research/disease-prediction/cleaned_data.csv')\n\n",
  "history_output" : "                disease              symptom  occurence_count\n0  hypertensive disease  shortness of breath           3363.0\n1  hypertensive disease            dizziness           3363.0\n2  hypertensive disease             asthenia           3363.0\n3  hypertensive disease                 fall           3363.0\n4  hypertensive disease              syncope           3363.0\n",
  "history_begin_time" : 1717470309192,
  "history_end_time" : 1717470310152,
  "history_notes" : null,
  "history_process" : "wiuage",
  "host_id" : "100001",
  "indicator" : "Done"
},{
  "history_id" : "21xjg92l0ch",
  "history_input" : "# Write your first Python code in Geoweaver\nfrom collections import defaultdict\nimport pandas as pd\nimport numpy as np\nimport os\nimport csv\n\ndata = pd.read_csv('~/research/disease-prediction/data-withoutnull')\n\n\ndef process_data(data):\n    data_list = []\n    data_name = data.replace('^','_').split('_')\n    n = 1\n    for names in data_name:\n        if (n % 2 == 0):\n            data_list.append(names)\n        n += 1\n    return data_list\n\ndisease_list = []\ndisease_symptom_dict = defaultdict(list)\ndisease_symptom_count = {}\ncount = 0\n\n# if os.path.exists(\"myfile.dat\"):\n#     print(\"skip already exist\")\n# else:\n#     f = file(\"myfile.dat\", \"w\")\n\nfor idx, row in data.iterrows():\n    \n    # Get the Disease Names\n    if (row['Disease'] !=\"\\xc2\\xa0\") and (row['Disease'] != \"\"):\n        disease = row['Disease']\n        disease_list = process_data(data=disease)\n        count = row['Count of Disease Occurrence']\n\n    # Get the Symptoms Corresponding to Diseases\n    if (row['Symptom'] !=\"\\xc2\\xa0\") and (row['Symptom'] != \"\"):\n        symptom = row['Symptom']\n        symptom_list = process_data(data=symptom)\n        for d in disease_list:\n            for s in symptom_list:\n                disease_symptom_dict[d].append(s)\n            disease_symptom_count[d] = count\n    \n# file_path = os.path.expanduser('~/research/disease-prediction/cleaned_data.csv')\nhomedir = os.path.expanduser('~')\nf = open(f'{homedir}/research/disease-prediction/cleaned_data.csv', 'w')\n\nwith f:\n    writer = csv.writer(f)\n    for key, val in disease_symptom_dict.items():\n        for i in range(len(val)):\n            writer.writerow([key, val[i], disease_symptom_count[key]])\n\ndf = pd.read_csv('~/research/disease-prediction/cleaned_data.csv')\ndf.columns = ['disease', 'symptom', 'occurence_count']\nprint(df.head())\n\n# Remove any rows with empty values\ndf.replace(float('nan'), np.nan, inplace=True)\ndf.dropna(inplace=True)\n\ndf.to_csv(f'{homedir}/research/disease-prediction/cleaned_data.csv')\n\n",
  "history_output" : "                disease              symptom  occurence_count\n0  hypertensive disease  shortness of breath           3363.0\n1  hypertensive disease            dizziness           3363.0\n2  hypertensive disease             asthenia           3363.0\n3  hypertensive disease                 fall           3363.0\n4  hypertensive disease              syncope           3363.0\n",
  "history_begin_time" : 1717470248333,
  "history_end_time" : 1717470249249,
  "history_notes" : null,
  "history_process" : "wiuage",
  "host_id" : "100001",
  "indicator" : "Done"
},{
  "history_id" : "xga3bx37wjl",
  "history_input" : "# Write your first Python code in Geoweaver\nfrom collections import defaultdict\nimport pandas as pd\nimport numpy as np\nimport os\nimport csv\n\ndata = pd.read_csv('~/research/disease-prediction/data-withoutnull')\n\n\ndef process_data(data):\n    data_list = []\n    data_name = data.replace('^','_').split('_')\n    n = 1\n    for names in data_name:\n        if (n % 2 == 0):\n            data_list.append(names)\n        n += 1\n    return data_list\n\ndisease_list = []\ndisease_symptom_dict = defaultdict(list)\ndisease_symptom_count = {}\ncount = 0\n\n# if os.path.exists(\"myfile.dat\"):\n#     print(\"skip already exist\")\n# else:\n#     f = file(\"myfile.dat\", \"w\")\n\nfor idx, row in data.iterrows():\n    \n    # Get the Disease Names\n    if (row['Disease'] !=\"\\xc2\\xa0\") and (row['Disease'] != \"\"):\n        disease = row['Disease']\n        disease_list = process_data(data=disease)\n        count = row['Count of Disease Occurrence']\n\n    # Get the Symptoms Corresponding to Diseases\n    if (row['Symptom'] !=\"\\xc2\\xa0\") and (row['Symptom'] != \"\"):\n        symptom = row['Symptom']\n        symptom_list = process_data(data=symptom)\n        for d in disease_list:\n            for s in symptom_list:\n                disease_symptom_dict[d].append(s)\n            disease_symptom_count[d] = count\n    \n# file_path = os.path.expanduser('~/research/disease-prediction/cleaned_data.csv')\nhomedir = os.path.expanduser('~')\nf = open(f'{homedir}/research/disease-prediction/cleaned_data.csv', 'w')\n\nwith f:\n    writer = csv.writer(f)\n    for key, val in disease_symptom_dict.items():\n        for i in range(len(val)):\n            writer.writerow([key, val[i], disease_symptom_count[key]])\n\ndf = pd.read_csv('~/research/disease-prediction/cleaned_data.csv')\ndf.columns = ['disease', 'symptom', 'occurence_count']\nprint(df.head())\n\n# Remove any rows with empty values\ndf.replace(float('nan'), np.nan, inplace=True)\ndf.dropna(inplace=True)\n\ndf.to_csv(f'{homedir}/research/disease-prediction/cleaned_data.csv')\n\n",
  "history_output" : "                disease              symptom  occurence_count\n0  hypertensive disease  shortness of breath           3363.0\n1  hypertensive disease            dizziness           3363.0\n2  hypertensive disease             asthenia           3363.0\n3  hypertensive disease                 fall           3363.0\n4  hypertensive disease              syncope           3363.0\n",
  "history_begin_time" : 1717470094141,
  "history_end_time" : 1717470095011,
  "history_notes" : null,
  "history_process" : "wiuage",
  "host_id" : "100001",
  "indicator" : "Done"
},{
  "history_id" : "hhqt4z20amo",
  "history_input" : "# Write your first Python code in Geoweaver\nfrom collections import defaultdict\nimport pandas as pd\nimport numpy as np\nimport os\nimport csv\n\ndata = pd.read_csv('~/research/disease-prediction/data-withoutnull')\n\n\ndef process_data(data):\n    data_list = []\n    data_name = data.replace('^','_').split('_')\n    n = 1\n    for names in data_name:\n        if (n % 2 == 0):\n            data_list.append(names)\n        n += 1\n    return data_list\n\ndisease_list = []\ndisease_symptom_dict = defaultdict(list)\ndisease_symptom_count = {}\ncount = 0\n\n# if os.path.exists(\"myfile.dat\"):\n#     print(\"skip already exist\")\n# else:\n#     f = file(\"myfile.dat\", \"w\")\n\nfor idx, row in data.iterrows():\n    \n    # Get the Disease Names\n    if (row['Disease'] !=\"\\xc2\\xa0\") and (row['Disease'] != \"\"):\n        disease = row['Disease']\n        disease_list = process_data(data=disease)\n        count = row['Count of Disease Occurrence']\n\n    # Get the Symptoms Corresponding to Diseases\n    if (row['Symptom'] !=\"\\xc2\\xa0\") and (row['Symptom'] != \"\"):\n        symptom = row['Symptom']\n        symptom_list = process_data(data=symptom)\n        for d in disease_list:\n            for s in symptom_list:\n                disease_symptom_dict[d].append(s)\n            disease_symptom_count[d] = count\n    \n# file_path = os.path.expanduser('~/research/disease-prediction/cleaned_data.csv')\nhomedir = os.path.expanduser('~')\nf = open(f'{homedir}/research/disease-prediction/cleaned_data.csv', 'w')\n\nwith f:\n    writer = csv.writer(f)\n    for key, val in disease_symptom_dict.items():\n        for i in range(len(val)):\n            writer.writerow([key, val[i], disease_symptom_count[key]])\n\ndf = pd.read_csv('~/research/disease-prediction/cleaned_data.csv')\ndf.columns = ['disease', 'symptom', 'occurence_count']\nprint(df.head())\n\n# Remove any rows with empty values\ndf.replace(float('nan'), np.nan, inplace=True)\ndf.dropna(inplace=True)\n\ndf.to_csv(f'{homedir}/research/disease-prediction/cleaned_data.csv')\n\n",
  "history_output" : "                disease              symptom  occurence_count\n0  hypertensive disease  shortness of breath           3363.0\n1  hypertensive disease            dizziness           3363.0\n2  hypertensive disease             asthenia           3363.0\n3  hypertensive disease                 fall           3363.0\n4  hypertensive disease              syncope           3363.0\n",
  "history_begin_time" : 1717468929663,
  "history_end_time" : 1717468930485,
  "history_notes" : null,
  "history_process" : "wiuage",
  "host_id" : "100001",
  "indicator" : "Done"
},{
  "history_id" : "7di0xy9cy3z",
  "history_input" : "# Write your first Python code in Geoweaver\nfrom collections import defaultdict\nimport pandas as pd\nimport numpy as np\nimport os\nimport csv\n\ndata = pd.read_csv('~/research/disease-prediction/data-withoutnull')\n\n\ndef process_data(data):\n    data_list = []\n    data_name = data.replace('^','_').split('_')\n    n = 1\n    for names in data_name:\n        if (n % 2 == 0):\n            data_list.append(names)\n        n += 1\n    return data_list\n\ndisease_list = []\ndisease_symptom_dict = defaultdict(list)\ndisease_symptom_count = {}\ncount = 0\n\n# if os.path.exists(\"myfile.dat\"):\n#     print(\"skip already exist\")\n# else:\n#     f = file(\"myfile.dat\", \"w\")\n\nfor idx, row in data.iterrows():\n    \n    # Get the Disease Names\n    if (row['Disease'] !=\"\\xc2\\xa0\") and (row['Disease'] != \"\"):\n        disease = row['Disease']\n        disease_list = process_data(data=disease)\n        count = row['Count of Disease Occurrence']\n\n    # Get the Symptoms Corresponding to Diseases\n    if (row['Symptom'] !=\"\\xc2\\xa0\") and (row['Symptom'] != \"\"):\n        symptom = row['Symptom']\n        symptom_list = process_data(data=symptom)\n        for d in disease_list:\n            for s in symptom_list:\n                disease_symptom_dict[d].append(s)\n            disease_symptom_count[d] = count\n    \n# file_path = os.path.expanduser('~/research/disease-prediction/cleaned_data.csv')\nhomedir = os.path.expanduser('~')\nf = open(f'{homedir}/research/disease-prediction/cleaned_data.csv', 'w')\n\nwith f:\n    writer = csv.writer(f)\n    for key, val in disease_symptom_dict.items():\n        for i in range(len(val)):\n            writer.writerow([key, val[i], disease_symptom_count[key]])\n\ndf = pd.read_csv('~/research/disease-prediction/cleaned_data.csv')\ndf.columns = ['disease', 'symptom', 'occurence_count']\nprint(df.head())\n\n# Remove any rows with empty values\ndf.replace(float('nan'), np.nan, inplace=True)\ndf.dropna(inplace=True)\n\ndf.to_csv(f'{homedir}/research/disease-prediction/cleaned_data.csv')\n\n",
  "history_output" : "                disease              symptom  occurence_count\n0  hypertensive disease  shortness of breath           3363.0\n1  hypertensive disease            dizziness           3363.0\n2  hypertensive disease             asthenia           3363.0\n3  hypertensive disease                 fall           3363.0\n4  hypertensive disease              syncope           3363.0\n",
  "history_begin_time" : 1717468812713,
  "history_end_time" : 1717468813541,
  "history_notes" : null,
  "history_process" : "wiuage",
  "host_id" : "100001",
  "indicator" : "Done"
},{
  "history_id" : "8zfwz8w4ws6",
  "history_input" : "# Write your first Python code in Geoweaver\nfrom collections import defaultdict\nimport pandas as pd\nimport numpy as np\nimport os\nimport csv\n\ndata = pd.read_csv('~/research/disease-prediction/data-withoutnull')\n\n\ndef process_data(data):\n    data_list = []\n    data_name = data.replace('^','_').split('_')\n    n = 1\n    for names in data_name:\n        if (n % 2 == 0):\n            data_list.append(names)\n        n += 1\n    return data_list\n\ndisease_list = []\ndisease_symptom_dict = defaultdict(list)\ndisease_symptom_count = {}\ncount = 0\n\n# if os.path.exists(\"myfile.dat\"):\n#     print(\"skip already exist\")\n# else:\n#     f = file(\"myfile.dat\", \"w\")\n\nfor idx, row in data.iterrows():\n    \n    # Get the Disease Names\n    if (row['Disease'] !=\"\\xc2\\xa0\") and (row['Disease'] != \"\"):\n        disease = row['Disease']\n        disease_list = process_data(data=disease)\n        count = row['Count of Disease Occurrence']\n\n    # Get the Symptoms Corresponding to Diseases\n    if (row['Symptom'] !=\"\\xc2\\xa0\") and (row['Symptom'] != \"\"):\n        symptom = row['Symptom']\n        symptom_list = process_data(data=symptom)\n        for d in disease_list:\n            for s in symptom_list:\n                disease_symptom_dict[d].append(s)\n            disease_symptom_count[d] = count\n    \n# file_path = os.path.expanduser('~/research/disease-prediction/cleaned_data.csv')\nhomedir = os.path.expanduser('~')\nf = open(f'{homedir}/research/disease-prediction/cleaned_data.csv', 'w')\n\nwith f:\n    writer = csv.writer(f)\n    for key, val in disease_symptom_dict.items():\n        for i in range(len(val)):\n            writer.writerow([key, val[i], disease_symptom_count[key]])\n\ndf = pd.read_csv('~/research/disease-prediction/cleaned_data.csv')\ndf.columns = ['disease', 'symptom', 'occurence_count']\nprint(df.head())\n\n# Remove any rows with empty values\ndf.replace(float('nan'), np.nan, inplace=True)\ndf.dropna(inplace=True)\n\ndf.to_csv(f'{homedir}/research/disease-prediction/cleaned_data.csv')\n\n",
  "history_output" : "                disease              symptom  occurence_count\n0  hypertensive disease  shortness of breath           3363.0\n1  hypertensive disease            dizziness           3363.0\n2  hypertensive disease             asthenia           3363.0\n3  hypertensive disease                 fall           3363.0\n4  hypertensive disease              syncope           3363.0\n",
  "history_begin_time" : 1717468596760,
  "history_end_time" : 1717468599686,
  "history_notes" : null,
  "history_process" : "wiuage",
  "host_id" : "100001",
  "indicator" : "Done"
},{
  "history_id" : "KqfkDad1rmxN",
  "history_input" : "# Write your first Python code in Geoweaver\nfrom collections import defaultdict\nimport pandas as pd\nimport numpy as np\nimport os\nimport csv\n\ndata = pd.read_csv('~/research/disease-prediction/data-withoutnull')\n\n\ndef process_data(data):\n    data_list = []\n    data_name = data.replace('^','_').split('_')\n    n = 1\n    for names in data_name:\n        if (n % 2 == 0):\n            data_list.append(names)\n        n += 1\n    return data_list\n\ndisease_list = []\ndisease_symptom_dict = defaultdict(list)\ndisease_symptom_count = {}\ncount = 0\n\n# if os.path.exists(\"myfile.dat\"):\n#     print(\"skip already exist\")\n# else:\n#     f = file(\"myfile.dat\", \"w\")\n\nfor idx, row in data.iterrows():\n    \n    # Get the Disease Names\n    if (row['Disease'] !=\"\\xc2\\xa0\") and (row['Disease'] != \"\"):\n        disease = row['Disease']\n        disease_list = process_data(data=disease)\n        count = row['Count of Disease Occurrence']\n\n    # Get the Symptoms Corresponding to Diseases\n    if (row['Symptom'] !=\"\\xc2\\xa0\") and (row['Symptom'] != \"\"):\n        symptom = row['Symptom']\n        symptom_list = process_data(data=symptom)\n        for d in disease_list:\n            for s in symptom_list:\n                disease_symptom_dict[d].append(s)\n            disease_symptom_count[d] = count\n    \n# file_path = os.path.expanduser('~/research/disease-prediction/cleaned_data.csv')\nhomedir = os.path.expanduser('~')\nf = open(f'{homedir}/research/disease-prediction/cleaned_data.csv', 'w')\n\nwith f:\n    writer = csv.writer(f)\n    for key, val in disease_symptom_dict.items():\n        for i in range(len(val)):\n            writer.writerow([key, val[i], disease_symptom_count[key]])\n\ndf = pd.read_csv('~/research/disease-prediction/cleaned_data.csv')\ndf.columns = ['disease', 'symptom', 'occurence_count']\nprint(df.head())\n\n# Remove any rows with empty values\ndf.replace(float('nan'), np.nan, inplace=True)\ndf.dropna(inplace=True)\n\ndf.to_csv(f'{homedir}/research/disease-prediction/cleaned_data.csv')\n\n",
  "history_output" : "                disease              symptom  occurence_count\n0  hypertensive disease  shortness of breath           3363.0\n1  hypertensive disease            dizziness           3363.0\n2  hypertensive disease             asthenia           3363.0\n3  hypertensive disease                 fall           3363.0\n4  hypertensive disease              syncope           3363.0\n",
  "history_begin_time" : 1717373850801,
  "history_end_time" : 1717373851505,
  "history_notes" : null,
  "history_process" : "wiuage",
  "host_id" : null,
  "indicator" : "Done"
},{
  "history_id" : "1HmyOMbWzjIg",
  "history_input" : "# Write your first Python code in Geoweaver\nfrom collections import defaultdict\nimport pandas as pd\nimport numpy as np\nimport os\nimport csv\n\ndata = pd.read_csv('~/research/disease-prediction/data-withoutnull')\n\n\ndef process_data(data):\n    data_list = []\n    data_name = data.replace('^','_').split('_')\n    n = 1\n    for names in data_name:\n        if (n % 2 == 0):\n            data_list.append(names)\n        n += 1\n    return data_list\n\ndisease_list = []\ndisease_symptom_dict = defaultdict(list)\ndisease_symptom_count = {}\ncount = 0\n\n# if os.path.exists(\"myfile.dat\"):\n#     print(\"skip already exist\")\n# else:\n#     f = file(\"myfile.dat\", \"w\")\n\nfor idx, row in data.iterrows():\n    \n    # Get the Disease Names\n    if (row['Disease'] !=\"\\xc2\\xa0\") and (row['Disease'] != \"\"):\n        disease = row['Disease']\n        disease_list = process_data(data=disease)\n        count = row['Count of Disease Occurrence']\n\n    # Get the Symptoms Corresponding to Diseases\n    if (row['Symptom'] !=\"\\xc2\\xa0\") and (row['Symptom'] != \"\"):\n        symptom = row['Symptom']\n        symptom_list = process_data(data=symptom)\n        for d in disease_list:\n            for s in symptom_list:\n                disease_symptom_dict[d].append(s)\n            disease_symptom_count[d] = count\n    \n# file_path = os.path.expanduser('~/research/disease-prediction/cleaned_data.csv')\nhomedir = os.path.expanduser('~')\nf = open(f'{homedir}/research/disease-prediction/cleaned_data.csv', 'w')\n\nwith f:\n    writer = csv.writer(f)\n    for key, val in disease_symptom_dict.items():\n        for i in range(len(val)):\n            writer.writerow([key, val[i], disease_symptom_count[key]])\n\ndf = pd.read_csv('~/research/disease-prediction/cleaned_data.csv')\ndf.columns = ['disease', 'symptom', 'occurence_count']\nprint(df.head())\n\n# Remove any rows with empty values\ndf.replace(float('nan'), np.nan, inplace=True)\ndf.dropna(inplace=True)\n\ndf.to_csv(f'{homedir}/research/disease-prediction/cleaned_data.csv')\n\n",
  "history_output" : "                disease              symptom  occurence_count\n0  hypertensive disease  shortness of breath           3363.0\n1  hypertensive disease            dizziness           3363.0\n2  hypertensive disease             asthenia           3363.0\n3  hypertensive disease                 fall           3363.0\n4  hypertensive disease              syncope           3363.0\n",
  "history_begin_time" : 1717362356057,
  "history_end_time" : 1717362356919,
  "history_notes" : null,
  "history_process" : "wiuage",
  "host_id" : null,
  "indicator" : "Done"
},{
  "history_id" : "7KVasoqrp6jT",
  "history_input" : "# Write your first Python code in Geoweaver\nfrom collections import defaultdict\nimport pandas as pd\nimport numpy as np\nimport os\nimport csv\n\ndata = pd.read_csv('~/research/disease-prediction/data-withoutnull')\n\n\ndef process_data(data):\n    data_list = []\n    data_name = data.replace('^','_').split('_')\n    n = 1\n    for names in data_name:\n        if (n % 2 == 0):\n            data_list.append(names)\n        n += 1\n    return data_list\n\ndisease_list = []\ndisease_symptom_dict = defaultdict(list)\ndisease_symptom_count = {}\ncount = 0\n\n# if os.path.exists(\"myfile.dat\"):\n#     print(\"skip already exist\")\n# else:\n#     f = file(\"myfile.dat\", \"w\")\n\nfor idx, row in data.iterrows():\n    \n    # Get the Disease Names\n    if (row['Disease'] !=\"\\xc2\\xa0\") and (row['Disease'] != \"\"):\n        disease = row['Disease']\n        disease_list = process_data(data=disease)\n        count = row['Count of Disease Occurrence']\n\n    # Get the Symptoms Corresponding to Diseases\n    if (row['Symptom'] !=\"\\xc2\\xa0\") and (row['Symptom'] != \"\"):\n        symptom = row['Symptom']\n        symptom_list = process_data(data=symptom)\n        for d in disease_list:\n            for s in symptom_list:\n                disease_symptom_dict[d].append(s)\n            disease_symptom_count[d] = count\n    \n# file_path = os.path.expanduser('~/research/disease-prediction/cleaned_data.csv')\nhomedir = os.path.expanduser('~')\nf = open(f'{homedir}/research/disease-prediction/cleaned_data.csv', 'w')\n\nwith f:\n    writer = csv.writer(f)\n    for key, val in disease_symptom_dict.items():\n        for i in range(len(val)):\n            writer.writerow([key, val[i], disease_symptom_count[key]])\n\ndf = pd.read_csv('~/research/disease-prediction/cleaned_data.csv')\ndf.columns = ['disease', 'symptom', 'occurence_count']\nprint(df.head())\n\n# Remove any rows with empty values\ndf.replace(float('nan'), np.nan, inplace=True)\ndf.dropna(inplace=True)\n\n\n",
  "history_output" : "                disease              symptom  occurence_count\n0  hypertensive disease  shortness of breath           3363.0\n1  hypertensive disease            dizziness           3363.0\n2  hypertensive disease             asthenia           3363.0\n3  hypertensive disease                 fall           3363.0\n4  hypertensive disease              syncope           3363.0\n",
  "history_begin_time" : 1717362108244,
  "history_end_time" : 1717362109059,
  "history_notes" : null,
  "history_process" : "wiuage",
  "host_id" : null,
  "indicator" : "Done"
},{
  "history_id" : "OTUMcuASAjBn",
  "history_input" : "# Write your first Python code in Geoweaver\nfrom collections import defaultdict\nimport pandas as pd\nimport os\nimport csv\n\ndata = pd.read_csv('~/research/disease-prediction/data-withoutnull')\n\n\ndef process_data(data):\n    data_list = []\n    data_name = data.replace('^','_').split('_')\n    n = 1\n    for names in data_name:\n        if (n % 2 == 0):\n            data_list.append(names)\n        n += 1\n    return data_list\n\ndisease_list = []\ndisease_symptom_dict = defaultdict(list)\ndisease_symptom_count = {}\ncount = 0\n\n# if os.path.exists(\"myfile.dat\"):\n#     print(\"skip already exist\")\n# else:\n#     f = file(\"myfile.dat\", \"w\")\n\nfor idx, row in data.iterrows():\n    \n    # Get the Disease Names\n    if (row['Disease'] !=\"\\xc2\\xa0\") and (row['Disease'] != \"\"):\n        disease = row['Disease']\n        disease_list = process_data(data=disease)\n        count = row['Count of Disease Occurrence']\n\n    # Get the Symptoms Corresponding to Diseases\n    if (row['Symptom'] !=\"\\xc2\\xa0\") and (row['Symptom'] != \"\"):\n        symptom = row['Symptom']\n        symptom_list = process_data(data=symptom)\n        for d in disease_list:\n            for s in symptom_list:\n                disease_symptom_dict[d].append(s)\n            disease_symptom_count[d] = count\n    \n# file_path = os.path.expanduser('~/research/disease-prediction/cleaned_data.csv')\nhomedir = os.path.expanduser('~')\nf = open(f'{homedir}/research/disease-prediction/cleaned_data.csv', 'w')\n\nwith f:\n    writer = csv.writer(f)\n    for key, val in disease_symptom_dict.items():\n        for i in range(len(val)):\n            writer.writerow([key, val[i], disease_symptom_count[key]])\n\ndf = pd.read_csv('~/research/disease-prediction/cleaned_data.csv')\ndf.columns = ['disease', 'symptom', 'occurence_count']\nprint(df.head())\n\n# Remove any rows with empty values\ndf.replace(float('nan'), np.nan, inplace=True)\ndf.dropna(inplace=True)\n\n\n",
  "history_output" : "                disease              symptom  occurence_count\n0  hypertensive disease  shortness of breath           3363.0\n1  hypertensive disease            dizziness           3363.0\n2  hypertensive disease             asthenia           3363.0\n3  hypertensive disease                 fall           3363.0\n4  hypertensive disease              syncope           3363.0\nTraceback (most recent call last):\n  File \"/Users/vangavetisaivivek/gw-workspace/OTUMcuASAjBn/preprocess-data.py\", line 62, in <module>\n    df.replace(float('nan'), np.nan, inplace=True)\n                             ^^\nNameError: name 'np' is not defined\n",
  "history_begin_time" : 1717362036975,
  "history_end_time" : 1717362037756,
  "history_notes" : null,
  "history_process" : "wiuage",
  "host_id" : null,
  "indicator" : "Failed"
},{
  "history_id" : "8orFuuVcUmtV",
  "history_input" : "# Write your first Python code in Geoweaver\nfrom collections import defaultdict\nimport pandas as pd\nimport os\n\ndata = pd.read_csv('~/research/disease-prediction/data-withoutnull')\n\n\ndef process_data(data):\n    data_list = []\n    data_name = data.replace('^','_').split('_')\n    n = 1\n    for names in data_name:\n        if (n % 2 == 0):\n            data_list.append(names)\n        n += 1\n    return data_list\n\ndisease_list = []\ndisease_symptom_dict = defaultdict(list)\ndisease_symptom_count = {}\ncount = 0\n\n# if os.path.exists(\"myfile.dat\"):\n#     print(\"skip already exist\")\n# else:\n#     f = file(\"myfile.dat\", \"w\")\n\nfor idx, row in data.iterrows():\n    \n    # Get the Disease Names\n    if (row['Disease'] !=\"\\xc2\\xa0\") and (row['Disease'] != \"\"):\n        disease = row['Disease']\n        disease_list = process_data(data=disease)\n        count = row['Count of Disease Occurrence']\n\n    # Get the Symptoms Corresponding to Diseases\n    if (row['Symptom'] !=\"\\xc2\\xa0\") and (row['Symptom'] != \"\"):\n        symptom = row['Symptom']\n        symptom_list = process_data(data=symptom)\n        for d in disease_list:\n            for s in symptom_list:\n                disease_symptom_dict[d].append(s)\n            disease_symptom_count[d] = count\n    \n# file_path = os.path.expanduser('~/research/disease-prediction/cleaned_data.csv')\nhomedir = os.path.expanduser('~')\nf = open(f'{homedir}/research/disease-prediction/cleaned_data.csv', 'w')\n\nwith f:\n    writer = csv.writer(f)\n    for key, val in disease_symptom_dict.items():\n        for i in range(len(val)):\n            writer.writerow([key, val[i], disease_symptom_count[key]])\n\ndf = pd.read_csv('~/research/disease-prediction/cleaned_data.csv')\ndf.columns = ['disease', 'symptom', 'occurence_count']\nprint(df.head())\n\n# Remove any rows with empty values\ndf.replace(float('nan'), np.nan, inplace=True)\ndf.dropna(inplace=True)\n\n\n",
  "history_output" : "Traceback (most recent call last):\n  File \"/Users/vangavetisaivivek/gw-workspace/8orFuuVcUmtV/preprocess-data.py\", line 51, in <module>\n    writer = csv.writer(f)\n             ^^^\nNameError: name 'csv' is not defined\n",
  "history_begin_time" : 1717362004608,
  "history_end_time" : 1717362005391,
  "history_notes" : null,
  "history_process" : "wiuage",
  "host_id" : null,
  "indicator" : "Failed"
},{
  "history_id" : "IrXYm38OgtWF",
  "history_input" : "# Write your first Python code in Geoweaver\nfrom collections import defaultdict\nimport pandas as pd\nimport os\n\ndata = pd.read_csv('~/research/disease-prediction/data-withoutnull')\n\n\ndef process_data(data):\n    data_list = []\n    data_name = data.replace('^','_').split('_')\n    n = 1\n    for names in data_name:\n        if (n % 2 == 0):\n            data_list.append(names)\n        n += 1\n    return data_list\n\ndisease_list = []\ndisease_symptom_dict = defaultdict(list)\ndisease_symptom_count = {}\ncount = 0\n\n# if os.path.exists(\"myfile.dat\"):\n#     print(\"skip already exist\")\n# else:\n#     f = file(\"myfile.dat\", \"w\")\n\nfor idx, row in data.iterrows():\n    \n    # Get the Disease Names\n    if (row['Disease'] !=\"\\xc2\\xa0\") and (row['Disease'] != \"\"):\n        disease = row['Disease']\n        disease_list = process_data(data=disease)\n        count = row['Count of Disease Occurrence']\n\n    # Get the Symptoms Corresponding to Diseases\n    if (row['Symptom'] !=\"\\xc2\\xa0\") and (row['Symptom'] != \"\"):\n        symptom = row['Symptom']\n        symptom_list = process_data(data=symptom)\n        for d in disease_list:\n            for s in symptom_list:\n                disease_symptom_dict[d].append(s)\n            disease_symptom_count[d] = count\n    \n# file_path = os.path.expanduser('~/research/disease-prediction/cleaned_data.csv')\nf = open('~/research/disease-prediction/cleaned_data.csv', 'w')\n\nwith f:\n    writer = csv.writer(f)\n    for key, val in disease_symptom_dict.items():\n        for i in range(len(val)):\n            writer.writerow([key, val[i], disease_symptom_count[key]])\n\ndf = pd.read_csv('~/research/disease-prediction/cleaned_data.csv')\ndf.columns = ['disease', 'symptom', 'occurence_count']\nprint(df.head())\n\n# Remove any rows with empty values\ndf.replace(float('nan'), np.nan, inplace=True)\ndf.dropna(inplace=True)\n\n\n",
  "history_output" : "Traceback (most recent call last):\n  File \"/Users/vangavetisaivivek/gw-workspace/IrXYm38OgtWF/preprocess-data.py\", line 47, in <module>\n    f = open('~/research/disease-prediction/cleaned_data.csv', 'w')\n        ^^^^^^^^^^^^^^^^^^^^^^^^^^^^^^^^^^^^^^^^^^^^^^^^^^^^^^^^^^^\nFileNotFoundError: [Errno 2] No such file or directory: '~/research/disease-prediction/cleaned_data.csv'\n",
  "history_begin_time" : 1717361888124,
  "history_end_time" : 1717361889028,
  "history_notes" : null,
  "history_process" : "wiuage",
  "host_id" : null,
  "indicator" : "Failed"
},{
  "history_id" : "9onLOdutyK2L",
  "history_input" : "# Write your first Python code in Geoweaver\nfrom collections import defaultdict\nimport pandas as pd\nimport os\n\ndata = pd.read_csv('~/research/disease-prediction/data-withoutnull')\n\n\ndef process_data(data):\n    data_list = []\n    data_name = data.replace('^','_').split('_')\n    n = 1\n    for names in data_name:\n        if (n % 2 == 0):\n            data_list.append(names)\n        n += 1\n    return data_list\n\ndisease_list = []\ndisease_symptom_dict = defaultdict(list)\ndisease_symptom_count = {}\ncount = 0\n\n# if os.path.exists(\"myfile.dat\"):\n#     print(\"skip already exist\")\n# else:\n#     f = file(\"myfile.dat\", \"w\")\n\nfor idx, row in data.iterrows():\n    \n    # Get the Disease Names\n    if (row['Disease'] !=\"\\xc2\\xa0\") and (row['Disease'] != \"\"):\n        disease = row['Disease']\n        disease_list = process_data(data=disease)\n        count = row['Count of Disease Occurrence']\n\n    # Get the Symptoms Corresponding to Diseases\n    if (row['Symptom'] !=\"\\xc2\\xa0\") and (row['Symptom'] != \"\"):\n        symptom = row['Symptom']\n        symptom_list = process_data(data=symptom)\n        for d in disease_list:\n            for s in symptom_list:\n                disease_symptom_dict[d].append(s)\n            disease_symptom_count[d] = count\n    \n# file_path = os.path.expanduser('~/research/disease-prediction/cleaned_data.csv')\nf = open('~/research/disease-prediction/cleaned_data.csv', 'w+')\n\nwith f:\n    writer = csv.writer(f)\n    for key, val in disease_symptom_dict.items():\n        for i in range(len(val)):\n            writer.writerow([key, val[i], disease_symptom_count[key]])\n\ndf = pd.read_csv('~/research/disease-prediction/cleaned_data.csv')\ndf.columns = ['disease', 'symptom', 'occurence_count']\nprint(df.head())\n\n# Remove any rows with empty values\ndf.replace(float('nan'), np.nan, inplace=True)\ndf.dropna(inplace=True)\n\n\n",
  "history_output" : "Traceback (most recent call last):\n  File \"/Users/vangavetisaivivek/gw-workspace/9onLOdutyK2L/preprocess-data.py\", line 47, in <module>\n    f = open('~/research/disease-prediction/cleaned_data.csv', 'w+')\n        ^^^^^^^^^^^^^^^^^^^^^^^^^^^^^^^^^^^^^^^^^^^^^^^^^^^^^^^^^^^^\nFileNotFoundError: [Errno 2] No such file or directory: '~/research/disease-prediction/cleaned_data.csv'\n",
  "history_begin_time" : 1717361814619,
  "history_end_time" : 1717361815611,
  "history_notes" : null,
  "history_process" : "wiuage",
  "host_id" : null,
  "indicator" : "Failed"
},{
  "history_id" : "NadrdwMxp5N3",
  "history_input" : "# Write your first Python code in Geoweaver\nfrom collections import defaultdict\nimport pandas as pd\nimport os\n\ndata = pd.read_csv('~/research/disease-prediction/data-withoutnull')\n\n\ndef process_data(data):\n    data_list = []\n    data_name = data.replace('^','_').split('_')\n    n = 1\n    for names in data_name:\n        if (n % 2 == 0):\n            data_list.append(names)\n        n += 1\n    return data_list\n\ndisease_list = []\ndisease_symptom_dict = defaultdict(list)\ndisease_symptom_count = {}\ncount = 0\n\nfor idx, row in data.iterrows():\n    \n    # Get the Disease Names\n    if (row['Disease'] !=\"\\xc2\\xa0\") and (row['Disease'] != \"\"):\n        disease = row['Disease']\n        disease_list = process_data(data=disease)\n        count = row['Count of Disease Occurrence']\n\n    # Get the Symptoms Corresponding to Diseases\n    if (row['Symptom'] !=\"\\xc2\\xa0\") and (row['Symptom'] != \"\"):\n        symptom = row['Symptom']\n        symptom_list = process_data(data=symptom)\n        for d in disease_list:\n            for s in symptom_list:\n                disease_symptom_dict[d].append(s)\n            disease_symptom_count[d] = count\n    \n# file_path = os.path.expanduser('~/research/disease-prediction/cleaned_data.csv')\nf = open('~/research/disease-prediction/cleaned_data.csv', 'w+')\n\nwith f:\n    writer = csv.writer(f)\n    for key, val in disease_symptom_dict.items():\n        for i in range(len(val)):\n            writer.writerow([key, val[i], disease_symptom_count[key]])\n\ndf = pd.read_csv('~/research/disease-prediction/cleaned_data.csv')\ndf.columns = ['disease', 'symptom', 'occurence_count']\nprint(df.head())\n\n# Remove any rows with empty values\ndf.replace(float('nan'), np.nan, inplace=True)\ndf.dropna(inplace=True)\n\n\n",
  "history_output" : "Traceback (most recent call last):\n  File \"/Users/vangavetisaivivek/gw-workspace/NadrdwMxp5N3/preprocess-data.py\", line 42, in <module>\n    f = open('~/research/disease-prediction/cleaned_data.csv', 'w+')\n        ^^^^^^^^^^^^^^^^^^^^^^^^^^^^^^^^^^^^^^^^^^^^^^^^^^^^^^^^^^^^\nFileNotFoundError: [Errno 2] No such file or directory: '~/research/disease-prediction/cleaned_data.csv'\n",
  "history_begin_time" : 1717361616785,
  "history_end_time" : 1717361617650,
  "history_notes" : null,
  "history_process" : "wiuage",
  "host_id" : null,
  "indicator" : "Failed"
},{
  "history_id" : "Aj8gRxielQjb",
  "history_input" : "# Write your first Python code in Geoweaver\nfrom collections import defaultdict\nimport pandas as pd\nimport os\n\ndata = pd.read_csv('~/research/disease-prediction/data-withoutnull')\n\n\ndef process_data(data):\n    data_list = []\n    data_name = data.replace('^','_').split('_')\n    n = 1\n    for names in data_name:\n        if (n % 2 == 0):\n            data_list.append(names)\n        n += 1\n    return data_list\n\ndisease_list = []\ndisease_symptom_dict = defaultdict(list)\ndisease_symptom_count = {}\ncount = 0\n\nfor idx, row in data.iterrows():\n    \n    # Get the Disease Names\n    if (row['Disease'] !=\"\\xc2\\xa0\") and (row['Disease'] != \"\"):\n        disease = row['Disease']\n        disease_list = process_data(data=disease)\n        count = row['Count of Disease Occurrence']\n\n    # Get the Symptoms Corresponding to Diseases\n    if (row['Symptom'] !=\"\\xc2\\xa0\") and (row['Symptom'] != \"\"):\n        symptom = row['Symptom']\n        symptom_list = process_data(data=symptom)\n        for d in disease_list:\n            for s in symptom_list:\n                disease_symptom_dict[d].append(s)\n            disease_symptom_count[d] = count\n    \nfile_path = os.path.expanduser('~/research/disease-prediction/cleaned_data.csv')\nf = open('~/research/disease-prediction/cleaned_data.csv', 'w')\n\nwith f:\n    writer = csv.writer(f)\n    for key, val in disease_symptom_dict.items():\n        for i in range(len(val)):\n            writer.writerow([key, val[i], disease_symptom_count[key]])\n\ndf = pd.read_csv('~/research/disease-prediction/cleaned_data.csv')\ndf.columns = ['disease', 'symptom', 'occurence_count']\nprint(df.head())\n\n# Remove any rows with empty values\ndf.replace(float('nan'), np.nan, inplace=True)\ndf.dropna(inplace=True)\n\n\n",
  "history_output" : "Traceback (most recent call last):\n  File \"/Users/vangavetisaivivek/gw-workspace/Aj8gRxielQjb/preprocess-data.py\", line 42, in <module>\n    f = open('~/research/disease-prediction/cleaned_data.csv', 'w')\n        ^^^^^^^^^^^^^^^^^^^^^^^^^^^^^^^^^^^^^^^^^^^^^^^^^^^^^^^^^^^\nFileNotFoundError: [Errno 2] No such file or directory: '~/research/disease-prediction/cleaned_data.csv'\n",
  "history_begin_time" : 1717361502014,
  "history_end_time" : 1717361502638,
  "history_notes" : null,
  "history_process" : "wiuage",
  "host_id" : null,
  "indicator" : "Failed"
},{
  "history_id" : "LFbAE8FQ1rlJ",
  "history_input" : "# Write your first Python code in Geoweaver\nfrom collections import defaultdict\nimport pandas as pd\nimport os\n\ndata = pd.read_csv('~/research/disease-prediction/data-withoutnull')\n\n\ndef process_data(data):\n    data_list = []\n    data_name = data.replace('^','_').split('_')\n    n = 1\n    for names in data_name:\n        if (n % 2 == 0):\n            data_list.append(names)\n        n += 1\n    return data_list\n\ndisease_list = []\ndisease_symptom_dict = defaultdict(list)\ndisease_symptom_count = {}\ncount = 0\n\nfor idx, row in data.iterrows():\n    \n    # Get the Disease Names\n    if (row['Disease'] !=\"\\xc2\\xa0\") and (row['Disease'] != \"\"):\n        disease = row['Disease']\n        disease_list = process_data(data=disease)\n        count = row['Count of Disease Occurrence']\n\n    # Get the Symptoms Corresponding to Diseases\n    if (row['Symptom'] !=\"\\xc2\\xa0\") and (row['Symptom'] != \"\"):\n        symptom = row['Symptom']\n        symptom_list = process_data(data=symptom)\n        for d in disease_list:\n            for s in symptom_list:\n                disease_symptom_dict[d].append(s)\n            disease_symptom_count[d] = count\n    \nfile_path = os.path.expanduser('~/research/disease-prediction/cleaned_data.csv')\nf = open('~/research/disease-prediction/cleaned_data.csv', 'w')\n\nwith f:\n    writer = csv.writer(f)\n    for key, val in disease_symptom_dict.items():\n        for i in range(len(val)):\n            writer.writerow([key, val[i], disease_symptom_count[key]])\n\ndf = pd.read_csv('~/research/disease-prediction/cleaned_data.csv')\ndf.columns = ['disease', 'symptom', 'occurence_count']\nprint(df.head())\n\n# Remove any rows with empty values\ndf.replace(float('nan'), np.nan, inplace=True)\ndf.dropna(inplace=True)\n\n\n",
  "history_output" : "Traceback (most recent call last):\n  File \"/Users/vangavetisaivivek/gw-workspace/LFbAE8FQ1rlJ/preprocess-data.py\", line 42, in <module>\n    f = open('~/research/disease-prediction/cleaned_data.csv', 'w')\n        ^^^^^^^^^^^^^^^^^^^^^^^^^^^^^^^^^^^^^^^^^^^^^^^^^^^^^^^^^^^\nFileNotFoundError: [Errno 2] No such file or directory: '~/research/disease-prediction/cleaned_data.csv'\n",
  "history_begin_time" : 1717361471156,
  "history_end_time" : 1717361471953,
  "history_notes" : null,
  "history_process" : "wiuage",
  "host_id" : null,
  "indicator" : "Failed"
},{
  "history_id" : "oEyF4pesscMi",
  "history_input" : "# Write your first Python code in Geoweaver\nfrom collections import defaultdict\nimport pandas as pd\n\ndata = pd.read_csv('~/research/disease-prediction/data-withoutnull')\n\n\ndef process_data(data):\n    data_list = []\n    data_name = data.replace('^','_').split('_')\n    n = 1\n    for names in data_name:\n        if (n % 2 == 0):\n            data_list.append(names)\n        n += 1\n    return data_list\n\ndisease_list = []\ndisease_symptom_dict = defaultdict(list)\ndisease_symptom_count = {}\ncount = 0\n\nfor idx, row in data.iterrows():\n    \n    # Get the Disease Names\n    if (row['Disease'] !=\"\\xc2\\xa0\") and (row['Disease'] != \"\"):\n        disease = row['Disease']\n        disease_list = process_data(data=disease)\n        count = row['Count of Disease Occurrence']\n\n    # Get the Symptoms Corresponding to Diseases\n    if (row['Symptom'] !=\"\\xc2\\xa0\") and (row['Symptom'] != \"\"):\n        symptom = row['Symptom']\n        symptom_list = process_data(data=symptom)\n        for d in disease_list:\n            for s in symptom_list:\n                disease_symptom_dict[d].append(s)\n            disease_symptom_count[d] = count\n    \nfile_path = os.path.expanduser('~/research/disease-prediction/cleaned_data.csv')\nf = open('~/research/disease-prediction/cleaned_data.csv', 'w')\n\nwith f:\n    writer = csv.writer(f)\n    for key, val in disease_symptom_dict.items():\n        for i in range(len(val)):\n            writer.writerow([key, val[i], disease_symptom_count[key]])\n\ndf = pd.read_csv('~/research/disease-prediction/cleaned_data.csv')\ndf.columns = ['disease', 'symptom', 'occurence_count']\nprint(df.head())\n\n# Remove any rows with empty values\ndf.replace(float('nan'), np.nan, inplace=True)\ndf.dropna(inplace=True)\n\n\n",
  "history_output" : "Traceback (most recent call last):\n  File \"/Users/vangavetisaivivek/gw-workspace/oEyF4pesscMi/preprocess-data.py\", line 40, in <module>\n    file_path = os.path.expanduser('~/research/disease-prediction/cleaned_data.csv')\n                ^^\nNameError: name 'os' is not defined. Did you mean: 's'?\n",
  "history_begin_time" : 1717361443606,
  "history_end_time" : 1717361444463,
  "history_notes" : null,
  "history_process" : "wiuage",
  "host_id" : null,
  "indicator" : "Failed"
},{
  "history_id" : "9e8UYJY5jqeh",
  "history_input" : "# Write your first Python code in Geoweaver\nfrom collections import defaultdict\nimport pandas as pd\n\ndata = pd.read_csv('~/research/disease-prediction/data-withoutnull')\n\n\ndef process_data(data):\n    data_list = []\n    data_name = data.replace('^','_').split('_')\n    n = 1\n    for names in data_name:\n        if (n % 2 == 0):\n            data_list.append(names)\n        n += 1\n    return data_list\n\ndisease_list = []\ndisease_symptom_dict = defaultdict(list)\ndisease_symptom_count = {}\ncount = 0\n\nfor idx, row in data.iterrows():\n    \n    # Get the Disease Names\n    if (row['Disease'] !=\"\\xc2\\xa0\") and (row['Disease'] != \"\"):\n        disease = row['Disease']\n        disease_list = process_data(data=disease)\n        count = row['Count of Disease Occurrence']\n\n    # Get the Symptoms Corresponding to Diseases\n    if (row['Symptom'] !=\"\\xc2\\xa0\") and (row['Symptom'] != \"\"):\n        symptom = row['Symptom']\n        symptom_list = process_data(data=symptom)\n        for d in disease_list:\n            for s in symptom_list:\n                disease_symptom_dict[d].append(s)\n            disease_symptom_count[d] = count\n    \n\nf = open('~/research/disease-prediction/cleaned_data.csv', 'w')\n\nwith f:\n    writer = csv.writer(f)\n    for key, val in disease_symptom_dict.items():\n        for i in range(len(val)):\n            writer.writerow([key, val[i], disease_symptom_count[key]])\n\ndf = pd.read_csv('./dataset/cleaned_data.csv')\ndf.columns = ['disease', 'symptom', 'occurence_count']\nprint(df.head())\n\n# Remove any rows with empty values\ndf.replace(float('nan'), np.nan, inplace=True)\ndf.dropna(inplace=True)\n\n\n",
  "history_output" : "Traceback (most recent call last):\n  File \"/Users/vangavetisaivivek/gw-workspace/9e8UYJY5jqeh/preprocess-data.py\", line 41, in <module>\n    f = open('~/research/disease-prediction/cleaned_data.csv', 'w')\n        ^^^^^^^^^^^^^^^^^^^^^^^^^^^^^^^^^^^^^^^^^^^^^^^^^^^^^^^^^^^\nFileNotFoundError: [Errno 2] No such file or directory: '~/research/disease-prediction/cleaned_data.csv'\n",
  "history_begin_time" : 1717361375645,
  "history_end_time" : 1717361376572,
  "history_notes" : null,
  "history_process" : "wiuage",
  "host_id" : null,
  "indicator" : "Failed"
},{
  "history_id" : "GFJnMwv6beAZ",
  "history_input" : "# Write your first Python code in Geoweaver\nfrom collections import defaultdict\nimport pandas as pd\n\ndata = pd.read_csv('~/research/disease-prediction/data-withoutnull')\n\n\ndef process_data(data):\n    data_list = []\n    data_name = data.replace('^','_').split('_')\n    n = 1\n    for names in data_name:\n        if (n % 2 == 0):\n            data_list.append(names)\n        n += 1\n    return data_list\n\ndisease_list = []\ndisease_symptom_dict = defaultdict(list)\ndisease_symptom_count = {}\ncount = 0\n\nfor idx, row in data.iterrows():\n    \n    # Get the Disease Names\n    if (row['Disease'] !=\"\\xc2\\xa0\") and (row['Disease'] != \"\"):\n        disease = row['Disease']\n        disease_list = process_data(data=disease)\n        count = row['Count of Disease Occurrence']\n\n    # Get the Symptoms Corresponding to Diseases\n    if (row['Symptom'] !=\"\\xc2\\xa0\") and (row['Symptom'] != \"\"):\n        symptom = row['Symptom']\n        symptom_list = process_data(data=symptom)\n        for d in disease_list:\n            for s in symptom_list:\n                disease_symptom_dict[d].append(s)\n            disease_symptom_count[d] = count\n    \n\nf = open('./dataset/cleaned_data.csv', 'w')\n\nwith f:\n    writer = csv.writer(f)\n    for key, val in disease_symptom_dict.items():\n        for i in range(len(val)):\n            writer.writerow([key, val[i], disease_symptom_count[key]])\n\ndf = pd.read_csv('./dataset/cleaned_data.csv')\ndf.columns = ['disease', 'symptom', 'occurence_count']\nprint(df.head())\n\n# Remove any rows with empty values\ndf.replace(float('nan'), np.nan, inplace=True)\ndf.dropna(inplace=True)\n\n\n",
  "history_output" : "Traceback (most recent call last):\n  File \"/Users/vangavetisaivivek/gw-workspace/GFJnMwv6beAZ/preprocess-data.py\", line 41, in <module>\n    f = open('./dataset/cleaned_data.csv', 'w')\n        ^^^^^^^^^^^^^^^^^^^^^^^^^^^^^^^^^^^^^^^\nFileNotFoundError: [Errno 2] No such file or directory: './dataset/cleaned_data.csv'\n",
  "history_begin_time" : 1717361150272,
  "history_end_time" : 1717361151124,
  "history_notes" : null,
  "history_process" : "wiuage",
  "host_id" : null,
  "indicator" : "Failed"
},{
  "history_id" : "bHF9R0NqUYmC",
  "history_input" : "# Write your first Python code in Geoweaver\nfrom collections import defaultdict\nfrom data-retrieval import data\ndef process_data(data):\n    data_list = []\n    data_name = data.replace('^','_').split('_')\n    n = 1\n    for names in data_name:\n        if (n % 2 == 0):\n            data_list.append(names)\n        n += 1\n    return data_list\n\ndisease_list = []\ndisease_symptom_dict = defaultdict(list)\ndisease_symptom_count = {}\ncount = 0\n\nfor idx, row in data.iterrows():\n    \n    # Get the Disease Names\n    if (row['Disease'] !=\"\\xc2\\xa0\") and (row['Disease'] != \"\"):\n        disease = row['Disease']\n        disease_list = process_data(data=disease)\n        count = row['Count of Disease Occurrence']\n\n    # Get the Symptoms Corresponding to Diseases\n    if (row['Symptom'] !=\"\\xc2\\xa0\") and (row['Symptom'] != \"\"):\n        symptom = row['Symptom']\n        symptom_list = process_data(data=symptom)\n        for d in disease_list:\n            for s in symptom_list:\n                disease_symptom_dict[d].append(s)\n            disease_symptom_count[d] = count\n    \n\nf = open('./dataset/cleaned_data.csv', 'w')\n\nwith f:\n    writer = csv.writer(f)\n    for key, val in disease_symptom_dict.items():\n        for i in range(len(val)):\n            writer.writerow([key, val[i], disease_symptom_count[key]])\n\ndf = pd.read_csv('./dataset/cleaned_data.csv')\ndf.columns = ['disease', 'symptom', 'occurence_count']\nprint(df.head())\n\n# Remove any rows with empty values\ndf.replace(float('nan'), np.nan, inplace=True)\ndf.dropna(inplace=True)\n\n\n",
  "history_output" : "  File \"/Users/vangavetisaivivek/gw-workspace/bHF9R0NqUYmC/preprocess-data.py\", line 3\n    from data-retrieval import data\n             ^\nSyntaxError: invalid syntax\n",
  "history_begin_time" : 1717360820332,
  "history_end_time" : 1717360820376,
  "history_notes" : null,
  "history_process" : "wiuage",
  "host_id" : null,
  "indicator" : "Failed"
},{
  "history_id" : "mfhB4elY9yl4",
  "history_input" : "# Write your first Python code in Geoweaver\nfrom collections import defaultdict\ndef process_data(data):\n    data_list = []\n    data_name = data.replace('^','_').split('_')\n    n = 1\n    for names in data_name:\n        if (n % 2 == 0):\n            data_list.append(names)\n        n += 1\n    return data_list\n\ndisease_list = []\ndisease_symptom_dict = defaultdict(list)\ndisease_symptom_count = {}\ncount = 0\n\nfor idx, row in data.iterrows():\n    \n    # Get the Disease Names\n    if (row['Disease'] !=\"\\xc2\\xa0\") and (row['Disease'] != \"\"):\n        disease = row['Disease']\n        disease_list = process_data(data=disease)\n        count = row['Count of Disease Occurrence']\n\n    # Get the Symptoms Corresponding to Diseases\n    if (row['Symptom'] !=\"\\xc2\\xa0\") and (row['Symptom'] != \"\"):\n        symptom = row['Symptom']\n        symptom_list = process_data(data=symptom)\n        for d in disease_list:\n            for s in symptom_list:\n                disease_symptom_dict[d].append(s)\n            disease_symptom_count[d] = count\n    \n\nf = open('./dataset/cleaned_data.csv', 'w')\n\nwith f:\n    writer = csv.writer(f)\n    for key, val in disease_symptom_dict.items():\n        for i in range(len(val)):\n            writer.writerow([key, val[i], disease_symptom_count[key]])\n\ndf = pd.read_csv('./dataset/cleaned_data.csv')\ndf.columns = ['disease', 'symptom', 'occurence_count']\nprint(df.head())\n\n# Remove any rows with empty values\ndf.replace(float('nan'), np.nan, inplace=True)\ndf.dropna(inplace=True)\n\n\n",
  "history_output" : "Traceback (most recent call last):\n  File \"/Users/vangavetisaivivek/gw-workspace/mfhB4elY9yl4/preprocess-data.py\", line 18, in <module>\n    for idx, row in data.iterrows():\n                    ^^^^\nNameError: name 'data' is not defined\n",
  "history_begin_time" : 1717360740756,
  "history_end_time" : 1717360740791,
  "history_notes" : null,
  "history_process" : "wiuage",
  "host_id" : null,
  "indicator" : "Failed"
},{
  "history_id" : "kR2iAsrUKMui",
  "history_input" : "# Write your first Python code in Geoweaver\ndef process_data(data):\n    data_list = []\n    data_name = data.replace('^','_').split('_')\n    n = 1\n    for names in data_name:\n        if (n % 2 == 0):\n            data_list.append(names)\n        n += 1\n    return data_list\n\ndisease_list = []\ndisease_symptom_dict = defaultdict(list)\ndisease_symptom_count = {}\ncount = 0\n\nfor idx, row in data.iterrows():\n    \n    # Get the Disease Names\n    if (row['Disease'] !=\"\\xc2\\xa0\") and (row['Disease'] != \"\"):\n        disease = row['Disease']\n        disease_list = process_data(data=disease)\n        count = row['Count of Disease Occurrence']\n\n    # Get the Symptoms Corresponding to Diseases\n    if (row['Symptom'] !=\"\\xc2\\xa0\") and (row['Symptom'] != \"\"):\n        symptom = row['Symptom']\n        symptom_list = process_data(data=symptom)\n        for d in disease_list:\n            for s in symptom_list:\n                disease_symptom_dict[d].append(s)\n            disease_symptom_count[d] = count\n    \n\nf = open('./dataset/cleaned_data.csv', 'w')\n\nwith f:\n    writer = csv.writer(f)\n    for key, val in disease_symptom_dict.items():\n        for i in range(len(val)):\n            writer.writerow([key, val[i], disease_symptom_count[key]])\n\ndf = pd.read_csv('./dataset/cleaned_data.csv')\ndf.columns = ['disease', 'symptom', 'occurence_count']\nprint(df.head())\n\n# Remove any rows with empty values\ndf.replace(float('nan'), np.nan, inplace=True)\ndf.dropna(inplace=True)\n\n\n",
  "history_output" : "Traceback (most recent call last):\n  File \"/Users/vangavetisaivivek/gw-workspace/kR2iAsrUKMui/preprocess-data.py\", line 13, in <module>\n    disease_symptom_dict = defaultdict(list)\n                           ^^^^^^^^^^^\nNameError: name 'defaultdict' is not defined\n",
  "history_begin_time" : 1717360696292,
  "history_end_time" : 1717360696361,
  "history_notes" : null,
  "history_process" : "wiuage",
  "host_id" : null,
  "indicator" : "Failed"
},]
